지역,이름,세부내용,아이콘,경도,위도,방문여부,충전소명,급속충전가능여부,충전소경도,충전소위도
제주,삼양검은모래해변,제주도에서 몇없는 에메랄드빛 아닌 해변<br>덕분에 관광객들이 별로 없어 한적한 편이다.,관광지,126.5863872,33.5260115,red,크리스마스,N,126.8995876,33.50907558
제주,동문시장,주차때문에 헬게이트 그 자체라 숙소가 인근이라면 차를 놓고가는게 좋다.,관광지,126.5271393,33.512865,purple,중문아리랑,N,126.4340345,33.25394619
제주,디앤디파트먼트 제주,,관광지,126.5234639,33.5176855,blue,서귀포농협하나로마트,Y,126.5814224,33.25735353
제주,용연구름다리,,관광지,126.5144775,33.5148728,green,시온교회,N,126.5937309,33.29136049
제주,용두암,,관광지,126.5120637,33.5162323,green,선돌선덕사,N,126.5936059,33.32016515
제주,바다마을정류장 포토존,용마마을 정류장 찾아가기,포토존,126.5035285,33.5170362,blue,삼성여자고등학교,N,126.584112,33.25504717
제주,공항 전망대,,포토존,126.494062,33.5152499,blue,제주봄카페앤스테이,N,126.5872079,33.25026802
제주,도두 무지개 해안도로,,관광지,126.4722155,33.5092284,green,에코럭스,N,126.5075472,33.25248102
제주,도두봉,'키세스존' 검색하기,관광지,126.468593,33.508095,green,제이디피모터스남원점,Y,126.7131931,33.28028252
제주,이호테우해변,,관광지,126.4531502,33.4979571,purple,남원119센터,Y,126.7084316,33.28149406
제주,알작지,몽돌해변이 생각보다 이쁘지 않음.,관광지,126.4401329,33.4960888,purple,제주티에스유스호스텔,N,126.6970302,33.34389903
제주,제주 러브랜드,,관광지,126.49,33.451638,purple,머체왓숲길영농조합,Y,126.6738981,33.33052168
제주,제주도립미술관,,관광지,126.488017,33.452875,red,물영아리주차장,Y,126.6913667,33.3692339
제주,넥슨컴퓨터박물관,"키보드와플, 마우스빵",관광지,126.485107,33.471857,green,휴애리,Y,126.6343826,33.30853467
제주,한라수목원,,관광지,126.4932445,33.4699272,red,예촌연수네가든,N,126.6342195,33.29099936
제주,수목원길 야시장,매일 18:00 - 22:00,관광지,126.4879584,33.4697598,red,위미2리 다목적회관,Y,126.6614546,33.28311695
제주,[폐쇄] 카카오스페이스닷원,코로나때문에 무기한 휴관,관광지,126.5705672,33.4498825,green,의귀교회 인근 공영주차장,Y,126.711247,33.311718
제주,아침미소목장,,관광지,126.5861431,33.4546256,purple,제이디피모터스의귀점,N,126.7052113,33.3248656
제주,한라생태숲,,관광지,126.5981938,33.4318604,green,별빛하늘,N,126.7015972,33.32267144
제주,마방목지,,관광지,126.6040726,33.4269778,red,수망리다목적회관,Y,126.7133138,33.32870746
제주,사려니숲길,,관광지,126.6268677,33.4230049,green,더빌라스오션,N,126.770629,33.30098062
제주,절물자연휴양림,삼나무숲길,관광지,126.630163,33.440575,red,위미2리사무소,Y,126.6686031,33.2753894
제주,노루생태관찰원,,관광지,126.627465,33.44463,purple,위미3리사무소,Y,126.687898,33.2755295
제주,너도나도ATV,,관광지,126.6215324,33.4542398,green,제주목화,N,126.6994125,33.27578509
제주,김경숙해바라기농장,,관광지,126.6276395,33.4788315,blue,소랑호젠펜션,N,126.7052388,33.27580986
제주,삼성혈해물탕 ★★,,식당,126.499785,33.4879868,purple,흥진자동차공업사,N,126.6575103,33.27494819
제주,짬뽕에취한날 ★★,육지로 가지고 오고 싶은 갈비짬뽕 ,식당,126.4978936,33.4912013,purple,남원자동차공업사,N,126.7235939,33.28400278
제주,올래국수 ★★★,"<img src=""https://doc-0k-4s-mymaps.googleusercontent.com/untrusted/hostedimage/2k6f04g7o5f4i5vlpniliokllc/l41h68dqi7tgq16022a9n7stj8/1624600503500/eudwVJoR8ByexvN4gEao0ZOMTS7TFjsf/04356243881978241486/5AOlzF5bLJiFI_iiUyASijAm9wn3S50Te-WzkrMw6XRH4gibV3GsUMZvJi77Mevk9mU99pwQyY8WZ00ZUl1s6_V4pirT8zjUhZ8t55wBLvQha5q5T_IggOoIrfZgIf8kwwbNWpRNJIX2KAogUpHZDzrWXJ8UNguOX9neSzrkmOrfLNQYoN3WASFiD-tyYdxyKtQ?session=0&fife"" height=""200"" width=""auto"" /><br><br>수요미식회에 방영된 고기국수 식당. 상당한 웨이팅, 협소한 가게, 불편한 주차 등 단점 투성이지만 고기국수의 표본이라해도 될 정도의 맛이 모든걸 상쇄시켜줌.",식당,126.4973538,33.4915102,purple,감귤연구소,N,126.6118165,33.30155256
제주,숙성도 ★★★,숙성된 흑돼지를 판매하는 식당이다.<br>'제주 흑돼지 이제 다른곳에서 못먹겠다' 생각을 들게 한다.<br>1일 30인분 한정메뉴인 뼈등심을 먹기위해 무조건 런치 오픈시간을 맞춰가는걸 추천한다.,식당,126.4850642,33.4850147,purple,하례2리마을회,N,126.6088596,33.29720467
제주,[가성비] 탑해장국,,식당,126.4723965,33.4917822,purple,펜션연리,N,126.3859715,33.24048959
제주,월척수산,,식당,126.5151036,33.5158148,purple,풀빌라더시크릿 대정점,Y,126.2071113,33.24628335
제주,대원가 (해물탕),전복이 엄청 많이 들어있는 해물탕을 판매한다.<br>국물이 간과 별개로 깊은 맛이 없는 밍밍한 느낌이 들어 개인적으로 실망스러웠다. <br>[재방문의사 없음],식당,126.5270324,33.4915146,purple,신도보건진료소(서부보건소),Y,126.1742628,33.27748499
제주,생돈우리,흑돼지를 판매하는 식당이다.<br>그냥 맛없었다.<br>[재방문의사 없음],식당,126.461846,33.479877,purple,신도2리마을회,N,126.1748541,33.27762235
제주,제주김만복 동문시장점,SNS 비주얼의 허황된 곳 그 자체이다.<br>[재방문의사 없음],식당,126.5180444,33.5153358,purple,두바퀴펜션,N,126.1794311,33.27898341
제주,"순옥이네명가 (물회,전복뚝배기)",도대체 왜 유명한지 모르겠다.<br>제주도에서 먹어본 것중 맛없기로 손에 꼽는다.<br>[재방문의사 없음],식당,126.4650656,33.5056231,purple,동일1리 마을회,N,126.2412435,33.22816111
제주,일도국수 (고기국수),가성비 높은 고기국수집이었는데<br>최근 올라오는 리뷰에 위생 이슈가 많다.<br>[재방문의사 없음],식당,126.5289455,33.5059338,green,무릉1리마을회(다목적),Y,126.200886,33.27099795
제주,진아떡집 (오메기떡),부모님 선물로 사들고 가기 좋은 제주도 전통 오메기떡을 판매하는 떡집이다.,식당,126.5284577,33.5123688,green,제주아로마모텔,N,126.2663868,33.22541594
제주,남해수산 (회포장),살아있는 생선을 눈앞에서 회떠주는데 가성비까지 출중. 웨이팅 살짝 있음. 전화주문 가능.,식당,126.5271572,33.5124572,blue,실버스타,N,126.2569084,33.22282074
제주,남원식당 (베트남음식),인테리어와 맛까지 현지화 따위 0에 수렴하는 식당이라고 한다.,식당,126.5135974,33.5006099,blue,무릉1리마을회,N,126.2029889,33.2701387
제주,우진해장국 (고사리육개장),,식당,126.5200864,33.5114884,blue,영락리마을회,N,126.2109754,33.25855534
제주,마구로쇼쿠도 (하브동),,식당,126.5466963,33.4937603,blue,대정농협 하나로마트,Y,126.2641991,33.23404408
제주,빽다방베이커리 제주사수본점,,카페,126.47675,33.5092672,red,대정농공단지,Y,126.2278396,33.25676783
제주,"사랑분식 (떡볶이,김밥)",,식당,126.5280874,33.512651,red,보성리사무소,Y,126.2731037,33.25116938
제주,김희선제주몸국,,식당,126.514026,33.5152024,red,서귀포향토오일장,Y,126.5736531,33.26698899
제주,돌하르방식당 (각재기국),,식당,126.5387935,33.5100471,red,서귀포시 중앙교회,Y,126.5688708,33.27306029
제주,다가미 (김밥),,식당,126.5287275,33.4904468,red,아시아CGI애니메이션센터,Y,126.5673616,33.2525989
제주,대굴대굴굴구이 법원점,겨울에만 영업하는 곳!,식당,126.536147,33.4943204,red,빅타이어서귀포점,N,126.5723541,33.25779874
제주,은희네해장국,,식당,126.5408037,33.5085228,red,강정크루즈터미널,Y,126.4784679,33.22903918
제주,마운트에베레세트 (인도.네팔음식),,식당,126.5258414,33.5149832,red,㈜두레(퍼스트70호텔),N,126.5668471,33.24725224
제주,[도민추천] 넉둥베기 (접작뼈국),,식당,126.512679,33.5098237,red,루체클래식아파트,Y,126.5104442,33.23868673
제주,[도민추천] 파도식당 (고기국수),,식당,126.5305594,33.5112901,red,호텔아루미,N,126.4139621,33.25857411
제주,[도민추천] 금호정육점 (막창순대),,식당,126.5318942,33.5145409,blue,서귀동 공영주차장(서귀동 28-3),Y,126.5644784,33.2428788
제주,[도민추천] 남원바당,"돔베고기, 멜조림+볶음밥<br>영업시간: 09:00~22:00 (월요일 휴무)<br>브레이크타임: 15:00~17:00",식당,126.5429035,33.5030578,blue,국립기상과학원,Y,126.5178485,33.25881835
제주,[가성비] 착한제주고등어,,식당,126.5292767,33.5121675,red,NIA글로벌센터,N,126.5201615,33.25347884
제주,[가성비] 공항뚝배기,,식당,126.4959743,33.4938582,red,올레타이어샵,N,126.5519299,33.25939303
제주,[배달] 제주회전문점,배달 전문 회 가게중 도민에게 추천받은 곳이다. <br>배달앱에서 '제주회전문점' 검색,식당,126.4432926,33.5373768,red,강정생명평화교회,Y,126.4955405,33.23768227
제주,라마다 제주시티홀,제주시내 BEST,숙소,126.5344096,33.4936023,purple,성산서부교회,N,126.9086661,33.44856674
제주,라인호텔,무난하게 가기 좋으나 주차장이 협소해 인근 골목에 주차해야하는 문제가 있다.,숙소,126.533247,33.502234,purple,제주자연생태공원주차장,Y,126.8220508,33.44055655
제주,스타즈호텔 제주 로베로,리모델링을 하였으나 기본 시설이 오래되고 쾌적하지 않아 비추천한다.,숙소,126.5219444,33.5127778,purple,성산읍 노인복지회관,Y,126.906558,33.44856157
제주,빌리카,,렌트카,126.4503452,33.4938476,purple,제주참숯가마찜질방,Y,126.8633002,33.36899883
제주,S-OIL 우리비케이에너지,제주도내 LPG 충전소중 가장 싼 곳이다.,렌트카,126.4606618,33.4696008,purple,제주아띠다올,Y,126.8512586,33.42587709
애월/한림/한경,항몽유적지,,관광지,126.4077366,33.4520718,purple,우리들국수,Y,126.9224044,33.43702104
애월/한림/한경,구엄리 돌염전,,관광지,126.3764434,33.4835042,blue,성산스튜디오,N,126.9190852,33.44451312
애월/한림/한경,수산봉 그네포토존,네비에 수산유원지라고 찍고가기,관광지,126.3841261,33.473855,blue,성산썬라이즈호텔,N,126.9310261,33.46235059
애월/한림/한경,[폐쇄] 더럭분교,코로나로 인해 무기한 폐쇄,관광지,126.3454841,33.4535645,green,썬라이즈호텔섭지코지점,N,126.9183054,33.43665415
애월/한림/한경,한담해안산책로,,관광지,126.3105899,33.4600334,green,온평리마을회(온평리사무소),Y,126.9001727,33.40812099
애월/한림/한경,곽지과물해변,,관광지,126.3042485,33.4505158,green,성산자동차공업사,Y,126.9022381,33.4720614
애월/한림/한경,선운정사,,관광지,126.3071931,33.4293517,purple,성산점기아오토큐,N,126.9092946,33.43573185
애월/한림/한경,도치돌알파카목장,,관광지,126.3652835,33.411151,blue,터닝포인트제주,N,126.8726128,33.37300833
애월/한림/한경,천아계곡 단풍,,관광지,126.459872,33.3971528,red,늘예솔,N,126.8655403,33.36288467
애월/한림/한경,아르떼뮤지엄 ★★★★★,,관광지,126.3457218,33.3973766,purple,고망난돌민박가든,N,126.8579144,33.35321077
애월/한림/한경,한라산소주,금토일 사전 예약제로 공장투어 가능<br>금요일에 방문하면 생산공정을 볼 수 있다.,관광지,126.2563337,33.4073649,red,광치기흑돼지,N,126.9215367,33.45003617
애월/한림/한경,협재해변 ★★★★★,,관광지,126.239728,33.3941325,purple,취다선리조트,Y,126.9127039,33.47184922
애월/한림/한경,금능으뜸원해변,,관광지,126.2353674,33.3899107,purple,서귀포시 일터나눔 자활센터,Y,126.5294487,33.24177151
애월/한림/한경,한림공원,,관광지,126.2392559,33.389522,red,국민건강보험공단서귀포지사,Y,126.5074517,33.25496552
애월/한림/한경,월령 선인장 군락지,,포토존,126.2152774,33.3775508,purple,새서귀포교회,N,126.5068952,33.25316728
애월/한림/한경,사진 엄청 많이 찍은곳!,,포토존,126.2048636,33.3681892,purple,글래드호텔엔리조트(제주항공우주호텔),N,126.2945819,33.30246481
애월/한림/한경,판포포구 (스노쿨링),,관광지,126.1999003,33.3658979,blue,대평횟집,Y,126.362001,33.23764966
애월/한림/한경,제주맥주 양조장,,관광지,126.2415545,33.3586429,red,세븐일레븐 서귀포덕수점,Y,126.3041888,33.25870435
애월/한림/한경,신창풍차해안,,관광지,126.172485,33.342978,purple,페를로,N,126.3061361,33.25673168
애월/한림/한경,블랙스톤 비밀의숲,"<img src=""https://doc-0s-4s-mymaps.googleusercontent.com/untrusted/hostedimage/2k6f04g7o5f4i5vlpniliokllc/qnmuue8q5l2rpon2etq8s5os5c/1624600503500/eudwVJoR8ByexvN4gEao0ZOMTS7TFjsf/04356243881978241486/5AOlzF5ZZHbUQozwbeMNaaKVLH8XUkG3lMtHsTXPcUoHJ-Scr2jZaVlOfj5Z8xHJVR8jH3tjHtvmragQPKqLInahb2fnEbNkWW7LRfFrBCyKyFoEoI_Txwo-m07qx5hAeMt0p06S62YcxBaR1EeKpUzvZGn7abpVpmXeRKGdGypCxSBDqrAb40zi9zVhSJkFW?session=0&fife"" height=""200"" width=""auto"" /><br><br>",관광지,126.3245675,33.3371143,blue,CU서귀동광로점,Y,126.3457925,33.31808674
애월/한림/한경,생각하는정원,,관광지,126.255079,33.326201,red,뽀로로테마파크,Y,126.3708122,33.30044342
애월/한림/한경,제주현대미술관,,관광지,126.2656583,33.33968,red,산방산나들목,Y,126.3080654,33.23033232
애월/한림/한경,김창열미술관,,관광지,126.2692342,33.3384055,red,바다스케치,N,126.3097501,33.23493271
애월/한림/한경,아홉굿마을,,관광지,126.2261752,33.3275568,green,제주나르샤리조트,N,126.2937855,33.23389821
애월/한림/한경,더럭분교 대체 포토존,,포토존,126.2280452,33.3358041,blue,연암재,N,126.2962779,33.23507722
애월/한림/한경,수월봉,,관광지,126.1625985,33.2948374,blue,산방산탄산온천,Y,126.2987639,33.24890039
애월/한림/한경,금오름,,관광지,126.3056877,33.355577,green,포도호텔,N,126.3928897,33.31431906
애월/한림/한경,성이시돌목장,,관광지,126.3266376,33.3469727,purple,방주교회,Y,126.3877866,33.30512643
애월/한림/한경,왕따나무,,관광지,126.3494797,33.3509744,red,디아넥스호텔,N,126.3921116,33.3032687
애월/한림/한경,놀라운트릭아이미술관,,관광지,126.3574377,33.3476276,green,오설록주차장,Y,126.2877723,33.2986963
애월/한림/한경,그리스신화박물관,,관광지,126.3576989,33.3480717,green,제주다와풀빌라,Y,126.3680954,33.24238723
애월/한림/한경,새별오름,,관광지,126.35644,33.3659432,green,동광메밀짬뽕,Y,126.3497051,33.31065999
애월/한림/한경,[폐업] 오션윙스애월,,관광지,126.3502475,33.4729053,purple,마마뜰카페,Y,126.3335672,33.3101922
애월/한림/한경,리치망고 애월본점,,카페,126.3402028,33.4684568,purple,피규어뮤지엄제주,Y,126.3553587,33.28190281
애월/한림/한경,"문쏘 (황게카레,에그인헬)",,식당,126.2566867,33.4056208,purple,헬로키티아일랜드,Y,126.352082,33.29010127
애월/한림/한경,"우유부단 (밀크티,아이스크림)",,카페,126.3282653,33.3476411,purple,주식회사 까사데비발디,N,126.2905004,33.23416082
애월/한림/한경,애월그때그집 (흑돼지삼겹살),,식당,126.3242498,33.4662827,green,서부소방서 안덕 119센터,Y,126.3308562,33.25120141
애월/한림/한경,노라바 (해물라면),"영업시간: 10:00~18:00<br>정기휴일: 첫째, 넷째 목요일<br>예써 앱으로 줄서기 가능",식당,126.376517,33.4827943,blue,어썸,N,126.4025967,33.25643548
애월/한림/한경,아루요 (나가사끼짬뽕),,식당,126.4053582,33.4237382,green,스놉부티크스테이,Y,126.3695814,33.23327758
애월/한림/한경,"면차롱 (감귤탕수육,마파두부덮밥)",,식당,126.2437513,33.396252,green,월드컵흑돼지,N,126.5051366,33.24304042
애월/한림/한경,카페콜라,,카페,126.2919686,33.4433127,green,월평마을회관(다목적건물),Y,126.4607818,33.24611993
애월/한림/한경,코코리파이프 (파스타),,식당,126.4145642,33.4887078,red,뜨레피아,N,126.4590527,33.24949532
애월/한림/한경,하르방짬뽕,,식당,126.4123559,33.4823374,red,휴식호텔중문,N,126.4304107,33.23887253
애월/한림/한경,해성도뚜리 (토마토짬뽕),맛있는제주만들기9호점,식당,126.3750745,33.4818189,red,올레요리조트,N,126.4926906,33.2347494
애월/한림/한경,살롱 드 라방,,식당,126.3490061,33.4578708,red,정혜재활원,Y,126.5814767,33.28467665
애월/한림/한경,놀맨 (해물라면),평일 10:00 - 18:00하절기 / Break time 13:00~14:00 / 화요일휴무,식당,126.3102678,33.4624642,red,코델리아S호텔,Y,126.9102771,33.45492608
애월/한림/한경,심바카레,,식당,126.3021926,33.4483701,red,삼화석유 에이스주유소,Y,126.5724446,33.25509055
애월/한림/한경,인디언키친 (인도요리),"탄두리치킨, 커리, 버터갈릭난",식당,126.3385993,33.4431304,red,삼화석유 법환주유소,Y,126.5127149,33.24790307
애월/한림/한경,36.5도 여름 남쪽점,,식당,126.3283077,33.4393886,red,중문관광단지충전소,Y,126.3979668,33.2630671
애월/한림/한경,돈카츠서황,,식당,126.3797914,33.4344256,red,황토기와집,N,126.3952433,33.26393747
애월/한림/한경,크라운돼지,송훈 쉐프가 운영하는 흑돼지 맛집<br>영업시간: 12:00~21:00<br>테이블링 앱으로 줄서기 가능,식당,126.3833157,33.3938989,red,중문미로파크,N,126.3819347,33.26339597
애월/한림/한경,육고깃집,,식당,126.2651787,33.411663,red,씨에스호텔앤리조트,N,126.4202942,33.24291556
애월/한림/한경,앤트러사이트제주,,식당,126.2581716,33.4076458,red,중문썬라이즈,N,126.4304831,33.24756813
애월/한림/한경,한치앞도모를바다(한치통볶이),,식당,126.2424977,33.3945924,red,류차이,Y,126.4316758,33.2496401
애월/한림/한경,피어22 (딱새우찜),,식당,126.2278455,33.3898987,red,서귀포개인택시조합,Y,126.5929608,33.26947007
애월/한림/한경,데미안 (돈까스),,식당,126.2278978,33.3376838,red,서귀포샘물교회,N,126.5639063,33.26467227
애월/한림/한경,뚱보아저씨 (갈치구이정식),1인 9900원,식당,126.2554594,33.3306389,red,기아오토큐중부점,Y,126.5364078,33.26254592
애월/한림/한경,제주 돔베 막국수,맛있는 제주 만들기 14호점,식당,126.1794537,33.3041465,red,플레이롤러,Y,126.5252712,33.26189801
애월/한림/한경,"엄블랑 (해물짬뽕,감귤탕수육)",,식당,126.1951658,33.2973997,red,더풍성한교회,N,126.5688951,33.26461032
애월/한림/한경,베니키아 더제주리조트,,숙소,126.2513044,33.3783242,purple,삼화석유 서귀주유소,Y,126.5690994,33.24834563
애월/한림/한경,베누스 무인텔,,숙소,126.406414,33.420593,purple,허니문하우스,Y,126.5788672,33.24416306
애월/한림/한경,시드니호텔,,숙소,126.3958396,33.4836751,green,서귀포KAL호텔,Y,126.5807935,33.24432465
대정/안덕,마라도,"대한민국의 최남단.<br>(TMI : 이어도는 국제법상으로도, 정부 공식 입장으로 섬이 아닌 암초이므로 마라도가 대한민국의 최남단이 맞다)",관광지,126.2671204,33.1206371,green,제주브릭스,N,126.5357771,33.2446192
대정/안덕,가파도,"4월 청보리철, 10월 코스모스철 추천.",관광지,126.2714206,33.1700601,red,서귀포흑돼지명가,N,126.5363637,33.2440732
대정/안덕,알뜨르 비행장,,관광지,126.2717056,33.2044378,blue,흑돈향,N,126.5292484,33.24472089
대정/안덕,송악산,,관광지,126.2905556,33.1994444,green,제이이피,Y,126.5354777,33.24279318
대정/안덕,송악카트체험장,,관광지,126.2893108,33.2085161,purple,서귀포시 교통행정과(공영버스 차고지),Y,126.5886735,33.284661
대정/안덕,사계해수욕장,,관광지,126.2981308,33.2235122,purple,선지왓숯불갈비,N,126.5920777,33.26270495
대정/안덕,용머리해안,,관광지,126.3145958,33.2319896,purple,가나안교회,N,126.7710125,33.41538276
대정/안덕,산방산,,관광지,126.3134467,33.2410682,purple,블랙랜드레이스,N,126.7943242,33.30625516
대정/안덕,산방산 탄산온천,,관광지,126.2989561,33.2481936,red,옛정의골식당,N,126.804684,33.3890374
대정/안덕,박수기정,,관광지,126.3532864,33.2355739,blue,성읍녹차마을 영농조합법인,Y,126.7899612,33.3810755
대정/안덕,안덕계곡,,관광지,126.3528872,33.2573447,green,가시리은하수가든,N,126.7673354,33.36060083
대정/안덕,군산오름,,관광지,126.3700557,33.2535232,blue,가시리교회,N,126.7717523,33.35117806
대정/안덕,제주곶자왈도립공원,,관광지,126.2705301,33.2864678,red,표선2차반석타운아파트,Y,126.8282521,33.32114751
대정/안덕,오설록 티뮤지엄,,관광지,126.289534,33.3058932,purple,표선 공영주차장(표선면사무소 옆),Y,126.8315711,33.32648969
대정/안덕,이니스프리 제주하우스,,관광지,126.2905203,33.3063942,purple,표선 공영주차장(표선면사무소 옆),Y,126.8315711,33.32648969
대정/안덕,서커스월드,,관광지,126.3449392,33.3144112,purple,세계술박물관,N,126.8175945,33.35396955
대정/안덕,크리스마스박물관,,관광지,126.3280453,33.2914549,red,하원마을회,N,126.461133,33.25672816
대정/안덕,세계자동차제주박물관,,관광지,126.3497721,33.2831948,green,꿈의교회,N,126.6069048,33.26286451
대정/안덕,카멜리아힐,,관광지,126.3701349,33.2889802,blue,뜨레모아5차아파트,N,126.4816388,33.47490379
대정/안덕,방주교회,,관광지,126.3874377,33.3050476,blue,국제대학교,Y,126.5698313,33.4427728
대정/안덕,빌레왓,,식당,126.3351056,33.2525074,purple,이도 주원라비앙,Y,126.536283,33.49908104
대정/안덕,거멍국수 (고기국수),,식당,126.3044444,33.2444444,purple,목마,N,126.5595869,33.52308351
대정/안덕,돈방석수산 (대방어회),,식당,126.2498375,33.217644,purple,노형부영3차아파트,N,126.4860572,33.47728075
대정/안덕,치치퐁 (아이스크림),,카페,126.3134471,33.2352678,green,뜨레모아7차,N,126.4689769,33.47936175
대정/안덕,반양 (태국음식),영업시간 11:00~16:30 (목요일 휴무) ,식당,126.2262707,33.2813009,blue,이도교회,N,126.5349639,33.4905903
대정/안덕,"보말과풍경 (정식,보말칼국수)",맛있는 제주만들기 4호점,식당,126.2528694,33.2265967,red,김녕119지역센터,Y,126.7626784,33.55417798
대정/안덕,글라글라하와이 (피시앤칩스),,식당,126.2513909,33.219539,red,지엔에프주식회사,N,126.7548629,33.55643116
대정/안덕,홍성방 (중식코스),,식당,126.2517883,33.220115,red,제주어른이집,Y,126.744095,33.552491
대정/안덕,옥돔식당 (보말칼국수),,식당,126.2490365,33.2199308,red,김녕성당,N,126.7487452,33.55382591
대정/안덕,미영이네식당 (고등어회),고등어회로 제일 유명한 집<br>웨이팅이 너무 길거나 마감되었다면 근처 만선식당으로 가세요,식당,126.2498976,33.2176255,blue,제주담,Y,126.7679756,33.45124681
대정/안덕,만선식당 (고등어회),,식당,126.2498698,33.2178477,red,놀놀,N,126.8068664,33.49457256
대정/안덕,춘미향식당 (정식),,식당,126.2964001,33.2313355,red,구좌119센터,Y,126.8600917,33.52030729
대정/안덕,마노르블랑,,카페,126.2946508,33.2542427,blue,샤이니,N,126.7842803,33.47068245
대정/안덕,사계생활,,식당,126.2965011,33.2316019,red,뉴스보이버거펍제주,N,126.7906412,33.55436907
대정/안덕,"믿음직화 (대창덮밥,스테이크덮밥)",,식당,126.3104853,33.2338582,red,제주스테이상상,N,126.7956062,33.55493996
대정/안덕,연희원 (연잎밥정식),,식당,126.1752417,33.2784776,red,밭담공원,Y,126.7780584,33.5634668
대정/안덕,스모크하우스 인 구억 (수제버거),,식당,126.2784527,33.2707813,red,CU김녕교차로점,Y,126.7437953,33.55120476
대정/안덕,[도민추천] 올랭이와 물꾸럭 (방어코스),,식당,126.2529388,33.2210562,red,용암해수산업화지원센터2호관,Y,126.8159486,33.54135778
서귀포,논짓물 (물놀이),,관광지,126.3893009,33.2371532,purple,삼화석유 한동주유소,Y,126.8219573,33.54092659
서귀포,[폐쇄] 갯깍주상절리,낙석위험으로 폐쇄,관광지,126.3972753,33.2412077,red,동녘도서관,Y,126.8545673,33.52044879
서귀포,테디베어박물관,,관광지,126.4121722,33.2503549,red,대한예수교장로회송당교회,Y,126.7805041,33.47158825
서귀포,천제연폭포,,관광지,126.4166423,33.2505691,purple,비어라운드,N,126.8903284,33.51166074
서귀포,엉덩물계곡 (유채꽃),,관광지,126.4138712,33.2478192,red,비젠빌리지,N,126.8903284,33.51166074
서귀포,중문색달해변,,관광지,126.411632,33.2450137,green,종가전복,N,126.8500018,33.53133106
서귀포,대포주상절리,,관광지,126.4250671,33.2377549,purple,엠제이리조트,N,126.8800922,33.52920362
서귀포,진곶내,,관광지,126.4573775,33.2413162,red,이야기별방,N,126.9013347,33.50981991
서귀포,엉또폭포,,관광지,126.4999881,33.2686052,purple,구좌농공단지(제주이야기),Y,126.8168542,33.55303299
서귀포,서건도 (바다갈라짐),,관광지,126.4986255,33.2302114,red,금악리새마을회,Y,126.296376,33.35872051
서귀포,[비추] 속골,주변 풍경은 이쁘나 식당을 이용해야만 계곡을 이용할 수 있다. 자연환경을 불법점거하며 영업하는 행태가 눈살을 찌푸리게 한다.<br><br>인근의 할망라면은 코로나 이후 해물라면 대신 컵라면을 판매한다.,관광지,126.5264411,33.2406962,green,한국교통방송제주본부,Y,126.5500097,33.47838415
서귀포,외돌개,,관광지,126.544592,33.239072,green,제주갤럭시호텔,Y,126.5125636,33.50315896
서귀포,황우지해안 선녀탕★★★★★,판포포구와 더불어 제주의 스노쿨링 명소로 매우 유명한 곳이다. ,관광지,126.5504153,33.2414346,purple,신라스테이제주,N,126.4909667,33.4854983
서귀포,새연교,,관광지,126.5598598,33.2372277,purple,메종글래드제주,N,126.4883396,33.48506193
서귀포,새섬,,관광지,126.5620749,33.2368235,purple,삼화석유 만남의광장주유소,Y,126.4572461,33.46752172
서귀포,천지연폭포,,관광지,126.554417,33.246944,purple,도로교통공단제주지부,Y,126.4647508,33.47517101
서귀포,솜반천 (물놀이),,관광지,126.5532456,33.2530509,red,무수천주유소,Y,126.4519071,33.46324992
서귀포,서귀포매일올레시장,,관광지,126.5639343,33.2499472,purple,내도매일조아라아파트,N,126.4455913,33.48545869
서귀포,이중섭거리,,관광지,126.5643608,33.2449587,green,시민복지타운 공영무료주차장,Y,126.5238013,33.4888744
서귀포,이중섭미술관,,관광지,126.5649511,33.2458494,green,제주전기렌트카 공항 인근주차장,Y,126.4784159,33.5019037
서귀포,정모시쉼터,,관광지,126.571885,33.2469549,red,한라병원,Y,126.4849217,33.49026618
서귀포,정방폭포,,관광지,126.5718032,33.2448521,purple,롯데시티호텔,N,126.4865075,33.49067307
서귀포,소정방폭포,,관광지,126.5775399,33.2450114,red,이호리조트,N,126.4633537,33.49935645
서귀포,소천지,,관광지,126.591388,33.2393291,green,다온빌,N,126.4498201,33.4782612
서귀포,쇠소깍,,관광지,126.6235206,33.2525446,purple,제이디피모터스봉개점,Y,126.604351,33.48492039
서귀포,돈내코 원앙폭포,,관광지,126.5821982,33.3003155,green,골체오름쉼터,Y,126.7059518,33.45463511
서귀포,서귀다원 ★★★★★,,식당,126.5967119,33.3126615,purple,유드림마트,Y,126.5131902,33.49196726
서귀포,제주명가두루치기,,식당,126.5710252,33.2495763,purple,소방교육대,N,126.5584959,33.44705344
서귀포,흑돈오리 (흑돼지무한리필),,식당,126.5647566,33.2478364,purple,삼성혈,Y,126.5291654,33.50425459
서귀포,우정회센타,"서귀포올레시장에서 회포장으로 가장 유명한 곳이다. 외부의 TV모니터로 내부의 주방을 실시간으로 보여주는, 위생에 대한 자신감이 느껴지는 곳이다.",식당,126.5636636,33.2497749,purple,삼화석유 늘푸른자동차충전소,Y,126.5112821,33.50062225
서귀포,[폐업] 수일통닭 서귀포점,,식당,126.5607568,33.2534873,purple,세기자동차공업사,N,126.5040771,33.50046379
서귀포,삼보식당 (전복뚝배기),,식당,126.5591182,33.2476546,green,김경희부동산,N,126.5052576,33.49952003
서귀포,마농치킨,,식당,126.562905,33.2503751,green,비전교회,N,126.5208178,33.50748995
서귀포,오는정김밥,,식당,126.5677094,33.249761,green,미라클호텔,Y,126.4812523,33.50941507
서귀포,송가해장국 (뼈해장국),,식당,126.5641851,33.2472201,green,베니스타워,Y,126.4819658,33.50959116
서귀포,신효귤향과즐,,카페,126.6136201,33.2613596,blue,신흥노을바다펜션,Y,126.4842395,33.51166348
서귀포,더클리프,,카페,126.4150026,33.2442683,red,그림리조트,N,126.5034837,33.51618514
서귀포,제주오성,,식당,126.4146427,33.2556752,red,대어,N,126.5030793,33.51612942
서귀포,연돈 (돈가스),,식당,126.4072279,33.2588855,blue,한국자동차공업사,N,126.564133,33.5155154
서귀포,고집돌우럭 중문점,,식당,126.4167654,33.2579863,blue,쌍용자동차제주정비사업소,N,126.564133,33.5155154
서귀포,물질식육식당 (고기짬뽕),,식당,126.4803661,33.2353646,red,태산봉,Y,126.5303653,33.51164498
서귀포,정이가네 (소한마리국밥),,식당,126.511215,33.2519475,red,노형뜨란채아파트,Y,126.473212,33.48711549
서귀포,느린제주,,식당,126.5118366,33.2336203,red,노형 e-편한세상아파트,Y,126.4698536,33.48521143
서귀포,뽈살집 (흑돼지특수부위),,식당,126.5632005,33.2506684,blue,정원파인즈16차,N,126.5438835,33.48621646
서귀포,베이커리카페70 (크루와상),르꼬르동블루 출신의 제빵사가 있는 베이커리,카페,126.5692246,33.2449649,red,제주연구원,Y,126.5145823,33.46770901
서귀포,천일만두 (중국요리),"추천메뉴: 마파두부, 고기만두, 꽃핀가지",식당,126.5591927,33.2505301,red,온난화대응농업연구소,N,126.5170202,33.46728216
서귀포,허니문하우스,,카페,126.5788137,33.2441213,blue,하버빌,N,126.5278887,33.47536266
서귀포,"차이나마씸 (해물짬뽕,전복짜장)",,식당,126.6014941,33.2412819,red,코즈게스트하우스,Y,126.3385513,33.30428986
서귀포,[도민추천] 김부자식당 (갈치조림),,식당,126.6067645,33.239454,red,레몬트리,N,126.3949929,33.48393093
서귀포,테라로사 서귀포점,,카페,126.6187916,33.2494603,red,스마일공업사,N,126.3447456,33.46517493
서귀포,"올레낭쿰 (갈비전골,낭쿰순두부)",맛있는 제주만들기 13호점,식당,126.6210879,33.2633829,red,애월포세이돈,Y,126.3488168,33.46910205
서귀포,오렌지호텔,,숙소,126.5573281,33.2471515,purple,고성2리 경로당,Y,126.4252445,33.43562695
서귀포,"헤이, 서귀포",,숙소,126.5600906,33.2462261,purple,제주전기렌트카 광령주차장,Y,126.434255,33.463862
서귀포,호텔더그랑 중문,,숙소,126.413096,33.257432,purple,광령자동차공업사,N,126.4342218,33.44419372
서귀포,스위트메이 서귀포,,숙소,126.5076128,33.2525381,green,광명식당,N,126.4391203,33.46109021
표선/남원,달달미깡감귤밭 ★★★,체험비 1인 10000원,관광지,126.6203719,33.2792199,purple,납읍리보건소(남읍리사무소),Y,126.3301257,33.43872717
표선/남원,공천포검은모래사장,,관광지,126.6415625,33.2652286,green,제주전파관리소,Y,126.372641,33.40477911
표선/남원,휴애리,,관광지,126.6344779,33.3087383,blue,고스트하우스,N,126.3567705,33.4758658
표선/남원,동백포레스트,,관광지,126.6333046,33.3008996,red,파란노을제주애월,N,126.3122701,33.46217525
표선/남원,물영아리오름,습지가 장관이라 수량을 확인하고 갈 것,관광지,126.6935554,33.3692294,red,씨앤힐스파펜션,N,126.3524586,33.47296549
표선/남원,동백수목원 ★★★,입장료 1인 4000원,관광지,126.6780106,33.2752541,purple,빌라드애월,N,126.3600019,33.47767128
표선/남원,남원큰엉해안경승지,"<img src=""https://doc-0o-4s-mymaps.googleusercontent.com/untrusted/hostedimage/2k6f04g7o5f4i5vlpniliokllc/kib4pfblv8su2ssavk0teg9ack/1624600503500/eudwVJoR8ByexvN4gEao0ZOMTS7TFjsf/04356243881978241486/5AOlzF5Z7_kLFbECMtWdhiz8uxc8822h71rDglXs6n8ElHSreG1lnrxIYzJGZNQermko5uINrClrORELLwPqAqQdCyjgkE8kheiypP6hz80rukxrE2qRlb8YdNwgx-Mf3S6teoggAVLAry_VLxEAlxbTgpjf95D13wImY6KaR0L37J0QYBl0ajnjwJJP9TSgg3Q?session=0&fife"" height=""200"" width=""auto"" /><br><br>",관광지,126.7010089,33.2719127,blue,부면동정류장 뒤 마을시설,Y,126.3325249,33.41639508
표선/남원,제주허브동산,,관광지,126.8149538,33.329788,red,애월리에,N,126.3781303,33.4737533
표선/남원,따라비오름,가을.겨울 억새가 아름다운 곳<br>난이도가 상당히 높다,관광지,126.7534582,33.3870582,red,제주시간여행휴양펜션,N,126.3761547,33.47200511
표선/남원,녹차밭 동굴포토존,,포토존,126.7886847,33.3821819,red,유수암주유소,Y,126.4107962,33.42734021
표선/남원,성읍민속마을,,관광지,126.7997102,33.3863435,purple,폴라리스,N,126.4081252,33.43811418
표선/남원,제주민속촌,,관광지,126.841868,33.322511,red,제이디피모터스애월점,N,126.3163442,33.46059657
표선/남원,세계술박물관,,관광지,126.817669,33.3539592,green,덕우자동차공업사,N,126.3353249,33.46146073
표선/남원,보롬왓,,관광지,126.7527705,33.4136187,purple,풀빌라더시크릿 애월점,Y,126.3393692,33.46262916
표선/남원,백약이오름,,관광지,126.7917034,33.4377473,red,대박이네마트,Y,126.4029714,33.48340343
표선/남원,표선해비치해변,,관광지,126.837535,33.3278719,green,제주소년원,Y,126.3852907,33.4097399
표선/남원,청초밭,,관광지,126.7809284,33.4201662,blue,제일빌리지,N,126.4450204,33.46227081
표선/남원,공새미59,"간장돼지덮밥, 보말칼국수",식당,126.6405498,33.2642242,purple,중엄리복지회관(새마을회),Y,126.3725952,33.47270481
표선/남원,공천포식당 (물회),,식당,126.6426731,33.2664055,green,도치돌,Y,126.3397112,33.41976582
표선/남원,범일분식 (막창피순대),,식당,126.7170473,33.2783758,red,어사촌도야지,N,126.3387652,33.41974997
표선/남원,[가성비] 광동식당 (흑돼지두루치기),,식당,126.7983442,33.3291212,red,경진자동차공업사,N,126.432681,33.44495845
표선/남원,[가성비] 복돼지식당 (고사리주물럭),1인 만원에 고사리 주물럭이 무한리필되는 곳이다. 음식 퀄리티도 좋다.,식당,126.8024717,33.3975008,red,더럭초등학교 주차장,Y,126.3429798,33.4527818
표선/남원,웨이브 (수제버거),외국인 사장님이 운영하는 빵부터 패티까지 수제로 만드는 찐 수제버거.,식당,126.843778,33.325555,red,남건휴먼스파스텔빌리지,N,126.4193457,33.46620676
표선/남원,하례정원 (파스타),,식당,126.6382265,33.2615382,red,제주교회,N,126.3956001,33.48015805
성산/우도,신천목장,겨울에 넓은 초원에다 귤껍질을 말리는게 아름다운 곳이었으나 이제는 펜스가 쳐서 이쁜 사진을 담을 수 없어 아쉬운 곳입니다.,관광지,126.8682182,33.3567015,green,하귀휴먼시아1단지아파트,Y,126.4165948,33.48373878
성산/우도,김영갑갤러리 두모악,,관광지,126.8542313,33.3720095,purple,바이더힐,N,126.403566,33.44434218
성산/우도,일출랜드,,관광지,126.8413634,33.3835243,red,민오름태흥누리안빌,N,126.5098828,33.48004958
성산/우도,수산한못,,포토존,126.8431911,33.4291836,red,아라행복주택,N,126.5452184,33.49020641
성산/우도,혼인지,,관광지,126.8938522,33.4151688,blue,태평양금호,N,126.5478856,33.49211313
성산/우도,섭지코지,,관광지,126.9293266,33.4235416,purple,워시존연북로점,Y,126.5530166,33.49539912
성산/우도,유민미술관,,관광지,126.9322911,33.4291682,red,다몰2차연립주택,N,126.5120029,33.48416922
성산/우도,아쿠아플라넷제주,,관광지,126.9279101,33.4327935,purple,에코그린빌9차,N,126.5059249,33.49420331
성산/우도,광치기해변,,관광지,126.9246908,33.4524144,purple,그린스페이스휴,N,126.5533261,33.50469026
성산/우도,오조포구,,관광지,126.9209444,33.4638155,purple,연동대림2차아파트,Y,126.4877296,33.47975083
성산/우도,성산일출봉,,관광지,126.9425,33.458056,green,영평하동 마을회관,Y,126.5738943,33.48630885
성산/우도,성산포항 종합여객터미널,,관광지,126.9346052,33.4728912,blue,노형리츠하임 테라스파크,N,126.4588939,33.4876236
성산/우도,서빈백사해수욕장,,관광지,126.9432712,33.5023255,blue,대한적십자 제주혈액원,Y,126.5202318,33.4911869
성산/우도,우도올레보트,,관광지,126.9446953,33.4967353,blue,노형4차아뜨리에,N,126.4623799,33.48557954
성산/우도,하고수동해수욕장,,관광지,126.9582418,33.514491,blue,제주장애인스포츠센터,Y,126.4347951,33.4866855
성산/우도,검멀레해수욕장 (보트),,관광지,126.9685468,33.4967988,blue,제주시외도일동공영주차장,Y,126.4265257,33.4857164
성산/우도,짱아저씨 (흑돼지해물탕),,식당,126.932051,33.4618301,purple,용담평화베스트빌1차,N,126.515587,33.50831349
성산/우도,고래라면 (문어라면),,식당,126.8584604,33.3719362,green,우도면 조일리사무소,Y,126.9628939,33.50981036
성산/우도,아줄레주 (에그타르트),,카페,126.8391336,33.366762,red,대원상록수10차아파트,Y,126.4314168,33.48903328
성산/우도,카페 덴드리,,카페,126.8659651,33.3692938,red,성일교회,N,126.4272498,33.48456385
성산/우도,[도민추천] 남양수산 (참돔회),,식당,126.9141693,33.4500999,red,외도부영1차아파트,Y,126.4336125,33.48761522
성산/우도,마우돈 (말고기),말들어오는날: 화/목,식당,126.9111694,33.4467859,red,노형휴스토리,N,126.4619718,33.47848405
성산/우도,맛나식당 (갈치조림),,식당,126.9159097,33.4485879,blue,부웅크리스탈빌3차,N,126.530796,33.48368641
성산/우도,고등어쌈밥,,식당,126.920717,33.4494963,red,한국중부발전 제주화력본부사택,Y,126.5919256,33.52714324
성산/우도,목화휴게소,해풍에 말리고 맥반석에 구운 오징어(준치)에 시원한 캔맥 한잔 어떠신가요?,식당,126.9017207,33.4818042,blue,그루터기,Y,126.6001401,33.53301956
성산/우도,"풍원 (한치주물럭,한라산볶음밥)",,식당,126.9441293,33.5083391,red,투썸플레이스 제주노형DT점,Y,126.4740905,33.49130981
성산/우도,블랑로쉐,,카페,126.9579595,33.5156311,blue,중앙로상점가(국민은행서측),Y,126.5212534,33.5106719
성산/우도,하하호호 (마늘버거),무조건 마늘버거!,식당,126.9486077,33.5208759,red,모로왓제2공영주차장,Y,126.543795,33.51129125
성산/우도,안녕 육지사람,,카페,126.9572605,33.5150954,red,기아오토큐 화북대리점,Y,126.5490401,33.51185501
성산/우도,지미스,,카페,126.9678636,33.4977528,blue,CU제주대박점,Y,126.4029714,33.48340343
성산/우도,온오프,,카페,126.9615353,33.5129211,red,제주교도소 민원인 주차장,Y,126.514997,33.46278791
성산/우도,타코밤,,식당,126.9576666,33.5162706,blue,CU조천사거리점,Y,126.6400787,33.53766806
성산/우도,성산 스테이 호텔,,숙소,126.9159881,33.4380598,purple,램하우스,N,126.6731393,33.43692114
구좌/조천,제주돌문화공원,,관광지,126.6586582,33.4485653,blue,자연과사람들,Y,126.6610809,33.46047477
구좌/조천,에코랜드,,관광지,126.6674398,33.447037,blue,와흘을그리다,Y,126.6604226,33.46269452
구좌/조천,산굼부리,,관광지,126.6900058,33.4316207,red,서프라이즈테마파크(농업회사법인 우주),Y,126.6595953,33.46518789
구좌/조천,종달리 수국길,,관광지,126.9089127,33.5090531,blue,에코촌 유스호스텔,Y,126.703722,33.51690884
구좌/조천,하도리 철새도래지,,관광지,126.8919426,33.5038245,red,제주미니랜드,N,126.6749129,33.43425343
구좌/조천,제주해녀박물관,,관광지,126.863486,33.523525,blue,다희연(농업회사법인경덕),Y,126.7061311,33.48690575
구좌/조천,세화해수욕장,,관광지,126.8611117,33.5252938,green,거문오름꿈의숲,N,126.7021477,33.48630118
구좌/조천,평대해수욕장,,관광지,126.8410206,33.5337576,green,포레스트사파리,Y,126.7094861,33.46306444
구좌/조천,월정리해변,,관광지,126.7969362,33.555626,purple,선래왓절,Y,126.7086074,33.4581901
구좌/조천,월정리 투명카약,,관광지,126.7802471,33.5634623,red,조천리 새마을회,Y,126.63888,33.53698658
구좌/조천,김녕성세기해변,,관광지,126.759787,33.5582327,red,조천코아루,Y,126.6223818,33.51720331
구좌/조천,김녕요트투어,,관광지,126.7367983,33.55801,purple,눈뫼가름협동조합,N,126.6776373,33.48497761
구좌/조천,만장굴,,관광지,126.771481,33.528486,purple,농업회사법인주식회사블랙푸드,N,126.6995958,33.48496065
구좌/조천,비자림,,관광지,126.8064793,33.484272,blue,제주레포츠랜드,N,126.6387282,33.48232418
구좌/조천,안돌오름,입장료 1인 2000원,관광지,126.755269,33.4577559,green,제이디피모터스함덕점,N,126.6570896,33.53651541
구좌/조천,아부오름,,관광지,126.7772601,33.447607,purple,조천도서관,Y,126.6676186,33.53770537
구좌/조천,[폐쇄] 용눈이오름,자연휴식년제로 인해 입장불가,관광지,126.831477,33.4599676,purple,조천도서관,Y,126.6676186,33.53770537
구좌/조천,함덕서우봉해변,,관광지,126.6698513,33.5433163,purple,청우가든,N,126.6259057,33.53074511
구좌/조천,일몰전망대,,관광지,126.6436376,33.5531249,green,빅타이어조천점,N,126.6432839,33.53528271
구좌/조천,별방진,,관광지,126.8840271,33.5266056,blue,조천라오체,N,126.6369941,33.52968177
구좌/조천,종달리해수욕장,,관광지,126.898914,33.5129902,red,푸른열매작은도서관,Y,126.6318406,33.5345568
구좌/조천,고망난돌,,관광지,126.9064967,33.5103518,blue,사랑샘교회,N,126.6310514,33.52773841
구좌/조천,지미봉,,관광지,126.901947,33.4992833,red,함덕순복음교회,N,126.6584419,33.54087204
구좌/조천,말미오름,,관광지,126.887456,33.4771758,red,함덕카페H,N,126.6599676,33.52626322
구좌/조천,신촌덕인당 (보리빵),,카페,126.6188138,33.5318754,purple,함덕드라마빌리지,N,126.6692842,33.53796949
구좌/조천,쉬림프박스,,식당,126.8392897,33.536688,purple,함덕광명샤인빌,Y,126.6770228,33.53801877
구좌/조천,함덕골목 (내장탕),,식당,126.6618188,33.5438536,purple,귤빛체험농원,N,126.6738046,33.50392641
구좌/조천,친구테이블 (전복순대곱창버섯전골),,식당,126.6646534,33.54156,purple,달스테이,Y,126.4078127,33.45689467
구좌/조천,스타벅스 제주함덕점,,카페,126.6685165,33.5425075,purple,한솜카페,Y,126.4773866,33.47568654
구좌/조천,이스트포레스트 ★★★,제주도내 양식 BEST,식당,126.8988279,33.4958799,purple,뜨레모아3차,N,126.4787908,33.47475841
구좌/조천,톰톰카레,,식당,126.8373547,33.5373255,green,민형파인즈,N,126.4810183,33.47430614
구좌/조천,로타리식당,,식당,126.7847033,33.4712155,green,농업회사법인제우스,Y,126.5717487,33.45701393
구좌/조천,문개항아리 (해물라면),,식당,126.6440569,33.5534876,blue,엠제이벤처오름,N,126.5719587,33.4545623
구좌/조천,카페 글렌코,,카페,126.7672447,33.4567369,blue,제주산학융합원,Y,126.567553,33.447486
구좌/조천,이공팔오,,카페,126.7061921,33.4727191,blue,외도119센터,Y,126.4375053,33.48663399
구좌/조천,호끌락다락,,식당,126.6640952,33.5417351,red,하귀문화의 집,Y,126.4039843,33.48003276
구좌/조천,오드랑베이커리 (마농바게트),,식당,126.671551,33.5420828,blue,에피소드,N,126.1880922,33.30577808
구좌/조천,"곰막식당 (성게국수, 회국수)",,식당,126.720503,33.556821,red,청수마을회관,Y,126.2475142,33.31808934
구좌/조천,구좌상회 (당근케이크),,카페,126.7927711,33.5564922,red,한원리노인복지관(한원리사무소),Y,126.1959777,33.33851758
구좌/조천,떡하니 (문어떡볶이),,식당,126.8078888,33.5537833,red,몽땅,N,126.2580132,33.30584382
구좌/조천,"모닥식탁 (돌문어커리,딱새우커리)",,식당,126.8173877,33.5309011,blue,성김대건신부제주표착기념관,N,126.1677309,33.32286381
구좌/조천,"명진전복 (전복돌솥밥,전복죽)",,식당,126.8498541,33.5324227,red,금단영,N,126.1936223,33.36192203
구좌/조천,[가성비] 갈치공장,,식당,126.8510441,33.5313746,blue,저지리사무소,Y,126.255848,33.33269856
구좌/조천,평대전복,,식당,126.8538817,33.5291668,blue,상명EV충전소,Y,126.2313954,33.3376421
구좌/조천,토끼썸 (피크닉세트대여),,카페,126.8991337,33.5218981,red,저지신토불이식당,N,126.2556961,33.34247458
구좌/조천,190버거,,식당,126.9108495,33.4904183,red,아파트먼트커피,N,126.2445437,33.31137783
구좌/조천,[가성비] 고사리식당 (갈치조림),,식당,126.7082198,33.4528552,blue,엠닷에이,N,126.1992246,33.36494435
구좌/조천,텍시아 (수제버거),텍사스에서 오신 쉐프님이 만드는 확실한 아메리칸 버거,식당,126.8389739,33.5355012,blue,그리스박물관,Y,126.3575227,33.34808488
구좌/조천,구좌지앵 (양식),,식당,126.9062057,33.4953755,blue,귀덕편의점,N,126.2802959,33.4378241
구좌/조천,소랑풀빌라 ★★★,,숙소,126.6717547,33.4925738,purple,허브인휴양펜션,N,126.2902458,33.4356419
구좌/조천,서우봉비치호텔,,숙소,126.6604569,33.5427282,purple,오로라정원,Y,126.2485555,33.35941042
구좌/조천,제주도푸른바다,,숙소,126.8789155,33.5276549,green,한림금능농공단지 내 제주맥주,Y,126.2412145,33.35850024
한라산,사라오름,,관광지,126.5704745,33.3709058,red,한국중부발전 상명풍력발전소,Y,126.2919639,33.339953
한라산,1100고지,,관광지,126.4632099,33.3574292,purple,명월국민학교,N,126.2648488,33.38890351
,,,,,,,수원리새마을회,N,126.2705839,33.42747125
,,,,,,,제주프랜,N,126.267164,33.40194338
,,,,,,,아일랜드힐,Y,126.2796338,33.34711291
,,,,,,,제주담스파빌,N,126.2253178,33.38567338
,,,,,,,앤트러사이트(동아물산),Y,126.2582303,33.40789487
,,,,,,,돈내코순두부한림점,Y,126.2824888,33.40970367
,,,,,,,성아자동차공업사,N,126.2754372,33.42206493
,,,,,,,금악주유소,Y,126.2984609,33.35329748
,,,,,,,화북동 공영주차장(화북일동 11-7),Y,126.5712817,33.5198132
,,,,,,,동화초등학교 맞은편 공영주차장,Y,126.5745354,33.5179212
,,,,,,,중문동주민센터,Y,126.4336393,33.25333129
,,,,,,,중문메리디안,N,126.435335,33.25397374
,,,,,,,WE호텔(한라의료재단),N,126.4440336,33.28616473
,,,,,,,중문제일행복한 홈스쿨지역아동센터,N,126.4332519,33.254145
,,,,,,,모이라펜션,N,126.5871454,33.27908388
,,,,,,,빅토르투자개발,N,126.5814377,33.2793461
,,,,,,,꿈꾸는 노마드,N,126.4995561,33.24169811
,,,,,,,비전지역아동센터,N,126.5008946,33.26234316
,,,,,,,뉴월드 골프타운,N,126.5069543,33.26251197
,,,,,,,명성레져개발,N,126.4943432,33.25778008
,,,,,,,에띠에호스텔,N,126.4941424,33.2352943
,,,,,,,강정보건지소,Y,126.4772283,33.23759944
,,,,,,,호텔 빠레브 주식회사,N,126.5066913,33.2523353
,,,,,,,풍경호스텔,N,126.5528623,33.24237001
,,,,,,,주식회사 선샤인,N,126.553327,33.2434345
,,,,,,,풍경호텔,N,126.553412,33.24484246
,,,,,,,천지연폭포 주차장,N,126.5596704,33.2447447
,,,,,,,천지연폭포 주차장,Y,126.5596704,33.2447447
,,,,,,,삼매봉도서관,N,126.552097,33.2443256
,,,,,,,삼매봉도서관,Y,126.552097,33.2443256
,,,,,,,대발이파크,Y,126.7042434,33.27434685
,,,,,,,뜨리바다펜션,N,126.7000486,33.27181944
,,,,,,,남원읍 공영주차장,Y,126.7214486,33.2788184
,,,,,,,남원1리마을회,N,126.7161553,33.27781885
,,,,,,,남원하나로마트,Y,126.7215534,33.28429396
,,,,,,,지중해리조트,N,126.7467717,33.2829039
,,,,,,,한남리마을회,N,126.6951653,33.31185074
,,,,,,,태흥3리마을회,N,126.7584735,33.29359307
,,,,,,,백통신원 기린산장,N,126.639049,33.32268217
,,,,,,,동국개발(스프링데일C.C),N,126.6384879,33.3295216
,,,,,,,수망관광휴양펜션,N,126.6983019,33.33650161
,,,,,,,남원의례회관 주차장,Y,126.7114506,33.2948173
,,,,,,,(재)테크노파크 생물종다양성연구소,Y,126.634748,33.31464154
,,,,,,,(재)테크노파크 생물종다양성연구소,Y,126.634748,33.31464154
,,,,,,,제주공천포전지훈련센터,Y,126.6409081,33.27680559
,,,,,,,신례1리마을회,N,126.6272191,33.28812221
,,,,,,,신례1리마을회,N,126.6272191,33.28812221
,,,,,,,신흥1리 새마을회,N,126.7669485,33.304171
,,,,,,,해비치호텔앤드리조트,N,126.7218983,33.36231061
,,,,,,,위미1리마을회,N,126.6571928,33.2737995
,,,,,,,은빌레펜션,N,126.716797,33.3117075
,,,,,,,펜션정원,N,126.7751676,33.30642033
,,,,,,,해든빌레펜션,N,126.6616823,33.29197517
,,,,,,,신흥2리마을회,N,126.7456046,33.3211735
,,,,,,,위미의례회관,Y,126.6576884,33.28980033
,,,,,,,금앤옥통나무펜션,N,126.6293628,33.2830034
,,,,,,,서귀포농업기술센터,N,126.6072502,33.28833481
,,,,,,,서귀포농업기술센터,Y,126.6072502,33.28833481
,,,,,,,태흥2리마을회,N,126.7451648,33.2877337
,,,,,,,위미농협,Y,126.6608179,33.2745832
,,,,,,,느영나영초가집,N,126.6989381,33.2751564
,,,,,,,금호리조트,N,126.7027559,33.27365445
,,,,,,,동부보건소,N,126.7034172,33.27562882
,,,,,,,동부보건소,Y,126.7034172,33.27562882
,,,,,,,남원생활체육관,Y,126.705244,33.27810723
,,,,,,,남원생활체육관,Y,126.705244,33.27810723
,,,,,,,호텔이디,N,126.7204703,33.27921714
,,,,,,,남원읍사무소,Y,126.7206785,33.27989564
,,,,,,,태흥1리마을회,N,126.733118,33.2834217
,,,,,,,마더카페,N,126.7415575,33.28130762
,,,,,,,CU 서귀태흥점,Y,126.7575155,33.2929303
,,,,,,,대한예수교장로회태흥교회,N,126.7446837,33.290735
,,,,,,,하례1리마을회,N,126.6253505,33.2691981
,,,,,,,의귀리마을회,N,126.7133052,33.31033951
,,,,,,,농업회사법인가뫼불,N,126.693455,33.2899733
,,,,,,,가파도 마을회관,N,126.2735293,33.1664333
,,,,,,,상남아크로타워,Y,126.2782605,33.28070729
,,,,,,,세인트존스베리아카데미 제주(St. Johnsbury Academy Jeju),N,126.2843115,33.2852936
,,,,,,,제이라움,N,126.1904548,33.2564363
,,,,,,,신도1리마을회,N,126.1917502,33.278433
,,,,,,,대정문화체육센터,Y,126.2355124,33.26392712
,,,,,,,제이앤클로이,N,126.1889147,33.25726656
,,,,,,,송악산 공영주차장,Y,126.2867586,33.2059597
,,,,,,,상모1리마을회,N,126.2694199,33.22637183
,,,,,,,서림교회,N,126.2255605,33.24622627
,,,,,,,무릉문화의집,N,126.1989574,33.2734542
,,,,,,,무릉문화의집,Y,126.1989574,33.2734542
,,,,,,,마라도 가는 여객선,Y,126.2905823,33.20739732
,,,,,,,서귀포시서부종합사회복지관,Y,126.2478797,33.22390252
,,,,,,,대한예수교장로회모슬포제일교회,N,126.2498633,33.22125293
,,,,,,,영어교육도신 한신더휴아파트,N,126.2803435,33.28691522
,,,,,,,삼정지에듀아파트,N,126.2742565,33.28408845
,,,,,,,제주 곶자왈 도립공원입구,Y,126.2735723,33.28322252
,,,,,,,영어교육도시119센터,Y,126.2733586,33.27896208
,,,,,,,대정 영어교육도시,N,126.2818294,33.28794082
,,,,,,,대정 영어교육도시,Y,126.2818294,33.28794082
,,,,,,,가온누리,N,126.2534033,33.22781273
,,,,,,,대정119센터,N,126.240854,33.23251532
,,,,,,,희준카센타,Y,126.2221662,33.24693381
,,,,,,,무릉2리마을회,N,126.235267,33.27484586
,,,,,,,구억리마을회,N,126.2791538,33.2728481
,,,,,,,신평리마을회,N,126.2591074,33.2653436
,,,,,,,하모1리 마을회,N,126.2575365,33.21596122
,,,,,,,서부보건소,Y,126.2532449,33.21867302
,,,,,,,안성리마을회,N,126.2818826,33.2501849
,,,,,,,제주추사관,Y,126.2789466,33.2499613
,,,,,,,제주추사관,Y,126.2789466,33.2499613
,,,,,,,제주추사관,N,126.2789466,33.2499613
,,,,,,,하모2리주차장,Y,126.2504231,33.2238582
,,,,,,,대정감협 인근 공영주차장,Y,126.2520661,33.2230292
,,,,,,,대정읍사무소,N,126.2521329,33.22682775
,,,,,,,인성리 사무실,N,126.2804411,33.24780035
,,,,,,,송악리조트렌트,N,126.2916634,33.21232307
,,,,,,,서귀포강정LH아파트,N,126.5022416,33.25326054
,,,,,,,서귀포자연휴양림,N,126.4587607,33.31150025
,,,,,,,뷰티플리조트,N,126.4465551,33.24314699
,,,,,,,하이랜드,N,126.4455587,33.24256551
,,,,,,,파밀리아 호텔,N,126.4380067,33.240958
,,,,,,,에리두,N,126.4346153,33.24175167
,,,,,,,대천동주민센터,N,126.477585,33.2507866
,,,,,,,대천동주민센터,Y,126.477585,33.2507866
,,,,,,,돈내코유원지 주차장,Y,126.5847998,33.30024253
,,,,,,,돈내코힐리조트,N,126.5786673,33.30276818
,,,,,,,제주권역재활병원,Y,126.5624668,33.25288112
,,,,,,,정방동문화의집,Y,126.5702672,33.2465421
,,,,,,,홍로공영주차장,Y,126.5671727,33.2663197
,,,,,,,한빛 분향소,N,126.5671727,33.2663197
,,,,,,,대한예수교장로회 서귀포교회,N,126.5671727,33.2663197
,,,,,,,성지,N,126.5750443,33.25542766
,,,,,,,동홍동주민센터,N,126.5689267,33.2578824
,,,,,,,동홍동주민센터,Y,126.5689267,33.2578824
,,,,,,,서귀포중앙 골프연습장,N,126.5639609,33.27442085
,,,,,,,서귀포시민회관,Y,126.5667351,33.25169148
,,,,,,,녹지제주헬스케어타운 유한회사,N,126.5668704,33.2612364
,,,,,,,서귀포테니스장,Y,126.5642119,33.25759736
,,,,,,,코리아마트,Y,126.570198,33.2523774
,,,,,,,코리아마트,Y,126.570198,33.2523774
,,,,,,,퐁낭작은도서관 앞 공영주차장(비석거리),Y,126.5722626,33.25544697
,,,,,,,서귀포 자기주도학습지원센터,Y,126.5703212,33.25129639
,,,,,,,막동주차장,N,126.5209467,33.2558886
,,,,,,,강정포구횟집,N,126.4758302,33.2288117
,,,,,,,더베이리조트,N,126.5934867,33.24120025
,,,,,,,(주)이레,N,126.7786436,33.40269826
,,,,,,,한국전력 제주본주 서귀포지사,Y,126.5107961,33.2541046
,,,,,,,월드컵경기장 인근 공영주차장,Y,126.5110332,33.2481172
,,,,,,,귤낭하우스,N,126.5218882,33.243023
,,,,,,,오랑제리펜션,N,126.5144709,33.24471457
,,,,,,,장안그랜드빌리지자치회,N,126.5970986,33.24160151
,,,,,,,밀레니엄빌,N,126.5900386,33.2452066
,,,,,,,보목하수처리장,Y,126.5914917,33.243313
,,,,,,,자치경찰단서귀포지역대청사,N,126.5657339,33.24495461
,,,,,,,자치경찰단서귀포지역대청사,Y,126.5657339,33.24495461
,,,,,,,해담은,N,126.3032638,33.2394792
,,,,,,,제주아이브,N,126.4960969,33.28877784
,,,,,,,치유의숲,N,126.5279042,33.29193935
,,,,,,,누가빌리지 주식회사,N,126.5729395,33.29628579
,,,,,,,㈜상효원,Y,126.5860938,33.3072182
,,,,,,,색달쓰레기매립장,N,126.417335,33.30720877
,,,,,,,색달쓰레기매립장,Y,126.417335,33.30720877
,,,,,,,모던플레이스,N,126.394765,33.2679552
,,,,,,,㈜레이크힐스리조트제주,N,126.376896,33.2674383
,,,,,,,중문예촌펜션,N,126.3938756,33.2680297
,,,,,,,대유랜드,Y,126.3942294,33.27897873
,,,,,,,영농조합법인 서귀포 한라,N,126.5990713,33.30018851
,,,,,,,제스코마트 서귀포점,Y,126.595773,33.26291899
,,,,,,,오아시스휴양펜션,N,126.5992505,33.26663774
,,,,,,,중문관광단지,Y,126.4111118,33.2814107
,,,,,,,중문리조트,N,126.4156439,33.262578
,,,,,,,호텔더본제주,N,126.4064992,33.2595341
,,,,,,,중앙공영주차장,Y,126.5599672,33.2499207
,,,,,,,중앙공영주차장,Y,126.5599672,33.2499207
,,,,,,,천지공영주차장,Y,126.5594295,33.2515976
,,,,,,,아랑조을거리 공영주차장,Y,126.5603076,33.2477823
,,,,,,,정방동공영주차장,Y,126.5631604,33.247828
,,,,,,,서귀포성당 뒤 주차장(솔동산로근처),Y,126.5643308,33.24142252
,,,,,,,파인힐호텔,N,126.5643308,33.24142252
,,,,,,,평생학습관 주차장,N,126.5585443,33.2493458
,,,,,,,대륜동문화복지센터,Y,126.5133719,33.25017414
,,,,,,,서귀포 해양경비안전서,Y,126.5138549,33.25131569
,,,,,,,서귀포소방서,Y,126.5140964,33.24956387
,,,,,,,서귀포혁신도시공영주차장(국토교통부인재개발원 앞),Y,126.5426136,33.2612345
,,,,,,,샤뜰레펜션,N,126.5288379,33.24842323
,,,,,,,휴마루 호스텔 카페,N,126.5547345,33.24387704
,,,,,,,CU 서귀외돌개점,Y,126.5547833,33.2438918
,,,,,,,동홍119센터,N,126.9181682,33.44986449
,,,,,,,걸매축구장,Y,126.5545758,33.24919583
,,,,,,,성산하수처리장,Y,126.9189457,33.45171152
,,,,,,,플레이스,N,126.9181682,33.44986449
,,,,,,,성산읍 공영주차장,Y,126.9162598,33.44800589
,,,,,,,튤립제주에이엠씨,N,126.9184417,33.44268423
,,,,,,,제주티라,N,126.9187393,33.44180806
,,,,,,,호텔마레,N,126.9331057,33.4719124
,,,,,,,성산포 성당,N,126.9139175,33.45432278
,,,,,,,성산보건지소,N,126.9157493,33.44655575
,,,,,,,디아일랜드마리나호텔,N,126.9145264,33.45210524
,,,,,,,휴리조트,N,126.8940423,33.42096574
,,,,,,,더썸하우스,N,126.9065691,33.4433216
,,,,,,,키아오라 펜션,N,126.9048957,33.43430761
,,,,,,,난산리마을회,N,126.8707916,33.4011831
,,,,,,,난산리 다목적회관,Y,126.8710112,33.4010138
,,,,,,,제주황금다래영농조합법인,N,126.8271707,33.37276945
,,,,,,,김영갑갤러리,Y,126.8541795,33.37197822
,,,,,,,지에스25(GS25)수산삼거리점,N,126.888659,33.44359874
,,,,,,,블루핸즈(성산점),N,126.9061263,33.44601148
,,,,,,,KT성산포지점,Y,126.9117869,33.44681266
,,,,,,,모구리야영장,Y,126.8207369,33.40585335
,,,,,,,주식회사 어라운드폴리,N,126.8359274,33.41579935
,,,,,,,고투베드,N,126.855097,33.42732061
,,,,,,,GS성산아로하점,N,126.9310406,33.466498
,,,,,,,브리즈베이호텔,N,126.9308464,33.46659527
,,,,,,,성산포 공영주차장(야외),Y,126.9091349,33.47751596
,,,,,,,청솔나무집,N,126.9323126,33.46241261
,,,,,,,성산리사무소,N,126.9340253,33.4636138
,,,,,,,수산1리 복지회관,Y,126.8829301,33.445846
,,,,,,,아띠랑스,N,126.9218897,33.46896299
,,,,,,,해비치안,N,126.9156975,33.43787139
,,,,,,,신풍지역아동센터,N,126.8344359,33.3616733
,,,,,,,신풍리마을회,N,126.8402305,33.36262747
,,,,,,,GS25성산오조점,Y,126.6101729,33.2722806
,,,,,,,나무향가득펜션,N,126.9004511,33.40154301
,,,,,,,성산아쿠아비치호텔,N,126.9119979,33.4483373
,,,,,,,성산읍사무소,Y,126.9109786,33.44210928
,,,,,,,성산읍사무소,Y,126.9109786,33.44210928
,,,,,,,신산 청소년 문화의 집,Y,126.8772908,33.38126469
,,,,,,,메모리아리조트,N,126.8723834,33.37412972
,,,,,,,잠도둑 게스트하우스,Y,126.8643775,33.3588533
,,,,,,,동부골프연습장,N,126.9039079,33.46237584
,,,,,,,동부소방서,N,126.9096477,33.460229
,,,,,,,동부소방서,Y,126.9096477,33.460229
,,,,,,,동부소방서,Y,126.9096477,33.460229
,,,,,,,동부종합사회복지관,Y,126.9132024,33.44668383
,,,,,,,성산일출봉 공영주차장,Y,126.9353331,33.46260176
,,,,,,,성산일출봉 공영주차장,Y,126.9353331,33.46260176
,,,,,,,일출랜드,Y,126.8419921,33.38194607
,,,,,,,블루마운틴커피랜드,N,126.8373056,33.38007907
,,,,,,,신풍리 사무소,N,126.8354996,33.36120026
,,,,,,,여유펜션매점,N,126.910958,33.46649242
,,,,,,,성산핫플게스트하우스,N,126.932863,33.4660255
,,,,,,,더클라우드풀앤스파,N,126.9351432,33.46911849
,,,,,,,더클라우드풀앤스파,N,126.9351432,33.46911849
,,,,,,,썬레이크빌제주휴양펜션,N,126.9133838,33.467502
,,,,,,,게스트하우스에버,N,126.9153281,33.46830591
,,,,,,,주식회사 아름다운리조트,N,126.9099937,33.47518323
,,,,,,,주식회사 아름다운리조트,N,126.9099937,33.47518323
,,,,,,,봄그리고가을리조트,Y,126.9110984,33.47414532
,,,,,,,더포그레이스리조트,Y,126.9105636,33.4734237
,,,,,,,온더스톤,N,126.9178478,33.47025508
,,,,,,,혼인지,Y,126.8940798,33.414842
,,,,,,,갯그시,N,126.9046505,33.39894965
,,,,,,,세븐일레븐 온평,Y,126.9090256,33.41319489
,,,,,,,중문랜드,Y,126.3855732,33.26367728
,,,,,,,중문훼미리콘도미니엄,N,126.3836383,33.2659029
,,,,,,,송산동주민센터,N,126.5660083,33.2450378
,,,,,,,동원리조트,N,126.5625869,33.240833
,,,,,,,쇠소깍 공영주차장,Y,126.6224923,33.2542498
,,,,,,,현대1차 연립주택,N,126.511775,33.24943215
,,,,,,,강정코아루아파트 2단지,N,126.504505,33.25837278
,,,,,,,강정코아루아파트 1단지,N,126.5050294,33.25977059
,,,,,,,강정코아루아파트 3단지,N,126.5051676,33.25884787
,,,,,,,감사위원회,N,126.5095663,33.25602698
,,,,,,,서귀포시청2청사,Y,126.510526,33.25557995
,,,,,,,나우씨앤씨,N,126.609518,33.26024359
,,,,,,,도라미펜션,N,126.609518,33.26024359
,,,,,,,안덕계곡 주차장,Y,126.3532545,33.2576211
,,,,,,,감산리마을회,N,126.353888,33.2594855
,,,,,,,㈜씨제이대한통운 클럽나인브릿지,N,126.4057082,33.34202079
,,,,,,,메밀가공시설,Y,126.379672,33.3280672
,,,,,,,캐슬렉스 제주,N,126.348768,33.34021696
,,,,,,,라림부띠끄호텔,N,126.3629425,33.23682499
,,,,,,,동광리마을회,N,126.3399474,33.30760418
,,,,,,,토이파크,Y,126.345365,33.31896085
,,,,,,,서귀포시산림조합,N,126.3471034,33.31164533
,,,,,,,동광 R 주차장,Y,126.3416458,33.3109558
,,,,,,,서커스월드공연장,Y,126.3448193,33.31438502
,,,,,,,카멜리아힐,N,126.368349,33.29004435
,,,,,,,외가집아귀찜,N,126.361637,33.2788553
,,,,,,,상천리마을회,N,126.3371482,33.2496801
,,,,,,,알랑가하우스,N,126.3065651,33.2288607
,,,,,,,젠,N,126.3085157,33.2292312
,,,,,,,오션하우스,N,126.3101845,33.2348125
,,,,,,,제주해안휴양펜션,N,126.2993595,33.22751382
,,,,,,,용머리해안(주차장),Y,126.3113692,33.23367942
,,,,,,,로하스펜션,N,126.297891,33.23675973
,,,,,,,바람불어 좋은날,N,126.297875,33.23714193
,,,,,,,미르빌,N,126.3063479,33.24622365
,,,,,,,신화역사공원 직원 기숙사,N,126.3113692,33.23367942
,,,,,,,산방산 주차장,Y,126.3119793,33.2359439
,,,,,,,세븐일레븐 산방산로드,Y,126.3070167,33.2376527
,,,,,,,제주아리랑,N,126.3052479,33.2496347
,,,,,,,J두빛나래리조트,N,126.299374,33.23698809
,,,,,,,유한회사 루시드엠,N,126.300409,33.23689654
,,,,,,,사계리마을회,N,126.298095,33.2310852
,,,,,,,에스케이핀크스 주식회사,N,126.3928897,33.31431906
,,,,,,,신화역사공원 조성사업,Y,126.3108907,33.2991069
,,,,,,,제주신화월드호텔앤리조트,Y,126.3163542,33.30497395
,,,,,,,신화빌라스(서머셋 리조트),Y,126.3176084,33.30275207
,,,,,,,신화 테마파크,N,126.3075544,33.3065373
,,,,,,,건강과 성박물관,Y,126.3465819,33.25484822
,,,,,,,서귀포시 축협,N,126.3180396,33.29093976
,,,,,,,세계자동차제주박물관,N,126.349009,33.28294084
,,,,,,,봉you,N,126.328214,33.28684416
,,,,,,,소인국테마파크,Y,126.3224948,33.29011662
,,,,,,,GS25 서광점,Y,126.3220078,33.28923399
,,,,,,,춘심이네,N,126.3705871,33.26447846
,,,,,,,㈜백상,N,126.3050801,33.2762284
,,,,,,,쉴띠하우스,N,126.3654874,33.27246273
,,,,,,,(의)새소망의료재단,N,126.3621079,33.27786233
,,,,,,,테디밸리골프앤리조트,N,126.3485636,33.292611
,,,,,,,안덕면 종합복지회관,Y,126.3330899,33.2458455
,,,,,,,안덕면 종합복지회관,Y,126.3330899,33.2458455
,,,,,,,안덕농협하나로마트,Y,126.3334399,33.24671442
,,,,,,,청소년 문화의 집,Y,126.3371369,33.24963365
,,,,,,,안덕우체국 뒤 주차장,Y,126.3353527,33.2462682
,,,,,,,안덕산방도서관,N,126.3306509,33.2550127
,,,,,,,안덕생활체육관,Y,126.3284065,33.25609299
,,,,,,,안덕면사무소,N,126.330623,33.2575319
,,,,,,,안덕면사무소,Y,126.330623,33.2575319
,,,,,,,안덕보건지소,N,126.3314017,33.2505519
,,,,,,,한국남부발전㈜ 남제주발전본부,N,126.3407335,33.23682107
,,,,,,,영실매표소,Y,126.4805139,33.34010219
,,,,,,,예래5동마을회,N,126.3732918,33.2365993
,,,,,,,예래동주민센터,N,126.3978682,33.2542814
,,,,,,,예래동주민센터,Y,126.3978682,33.2542814
,,,,,,,상예1동마을회,N,126.3904119,33.2487318
,,,,,,,㈜소프트라인 제주지점,N,126.3699316,33.23410163
,,,,,,,색달하수처리장,N,126.3962072,33.24239704
,,,,,,,월드컵경기장,Y,126.5092777,33.24621974
,,,,,,,월드컵경기장,Y,126.5092777,33.24621974
,,,,,,,폴에이리조트,N,126.5120206,33.24462564
,,,,,,,GS25 대포점,Y,126.436134,33.23916549
,,,,,,,자광원,Y,126.4484676,33.24751935
,,,,,,,아프리카박물관,N,126.4293238,33.23970787
,,,,,,,켄싱턴리조트 서귀포점,N,126.4890087,33.23367775
,,,,,,,조은리조트,N,126.4920943,33.23593688
,,,,,,,마린포트,N,126.4948236,33.23547578
,,,,,,,레지나펜션,N,126.4994886,33.23696609
,,,,,,,레지나,N,126.5000913,33.23663311
,,,,,,,주식회사 파미유,N,126.5028988,33.23499258
,,,,,,,모루티,N,126.5183776,33.24140455
,,,,,,,서귀포시장애인종합사회복지관,Y,126.5845835,33.2869372
,,,,,,,효돈119센터,N,126.6077599,33.260795
,,,,,,,한우명품관,Y,126.5884548,33.25714979
,,,,,,,롯데하이마트 서귀포점,Y,126.5660372,33.2539126
,,,,,,,현대오일뱅크 선반내주유소,Y,126.5508464,33.25302362
,,,,,,,서귀포 귤림성,N,126.5362708,33.25029409
,,,,,,,대륜동주민센터,N,126.5111853,33.2481892
,,,,,,,대륜동주민센터,Y,126.5111853,33.2481892
,,,,,,,이마트서귀포점,N,126.5091156,33.24833973
,,,,,,,이마트서귀포점,Y,126.5091156,33.24833973
,,,,,,,제주조각공원,N,126.3222876,33.25413034
,,,,,,,맥도날드월드컵점,N,126.5073585,33.24938228
,,,,,,,서귀포의료원,Y,126.5629493,33.25598081
,,,,,,,대한예수교장로회서귀포제일교회,N,126.5771682,33.2520997
,,,,,,,제일요양원,N,126.5778452,33.25229231
,,,,,,,상예2마을회,N,126.3769642,33.26571898
,,,,,,,㈜부영주택 제주부영호텔 리조트,N,126.4232494,33.242548
,,,,,,,중문컨벤션센터,Y,126.4244423,33.24129026
,,,,,,,제주국제평화센터,Y,126.4213178,33.24518881
,,,,,,,중문스테이,N,126.4294852,33.24591178
,,,,,,,박물관은살아있다,N,126.4097714,33.2549224
,,,,,,,하얏트리젠시제주호텔,N,126.4059648,33.24461513
,,,,,,,롯데호텔,Y,126.4103936,33.2485349
,,,,,,,롯데호텔,Y,126.4103936,33.2485349
,,,,,,,켄싱턴제주호텔,N,126.4061042,33.25001831
,,,,,,,신라호텔,Y,126.4071948,33.2467885
,,,,,,,자청비 농수산물,N,126.4266678,33.2626185
,,,,,,,제주에코 스위츠,N,126.4277358,33.26540041
,,,,,,,GS25 중문사거리점,Y,126.4269498,33.25821268
,,,,,,,JJP골프클럽,N,126.429892,33.25993928
,,,,,,,봉봉감귤체험농장,N,126.6298188,33.2816094
,,,,,,,동홍주공5단지,Y,126.5606488,33.26534604
,,,,,,,서귀산방,N,126.4977713,33.25584286
,,,,,,,농업기술원,N,126.4886383,33.26145702
,,,,,,,농업기술원,Y,126.4886383,33.26145702
,,,,,,,㈜제이하우스,N,126.485444,33.26080549
,,,,,,,CU 제주중문자청비점,Y,126.4266678,33.2626185
,,,,,,,제이뷰호텔,N,126.4164838,33.26474944
,,,,,,,강창학경기장,Y,126.501791,33.259873
,,,,,,,서귀포시청 1청사,Y,126.5596072,33.25391331
,,,,,,,서귀포시청 1청사,Y,126.5596072,33.25391331
,,,,,,,서홍동주민센터,N,126.5600961,33.25570748
,,,,,,,홈플러스,Y,126.5599348,33.2604879
,,,,,,,베네치아호텔,N,126.5614842,33.24678985
,,,,,,,서귀포보건소,N,126.5553625,33.2534258
,,,,,,,서귀포보건소,Y,126.5553555,33.25347982
,,,,,,,서귀복자성당,N,126.5609528,33.26036291
,,,,,,,서귀포시 매일시장 공영주차장,Y,126.5632316,33.2501708
,,,,,,,이아호텔,N,126.5602238,33.24735884
,,,,,,,천지동주민센터,N,126.5611789,33.2477954
,,,,,,,남쪽나라빌,N,126.4197995,33.2541121
,,,,,,,(구)중문보건지소,N,126.4207994,33.2535153
,,,,,,,중문덤장,Y,126.4081857,33.25771004
,,,,,,,중문보건지소,N,126.4350456,33.25158132
,,,,,,,피노호텔,N,126.5633095,33.2413937
,,,,,,,더 블루 제주 라스지오르,N,126.6016934,33.2419986
,,,,,,,하효마을다목적회관,Y,126.617765,33.25797906
,,,,,,,호텔화인,N,126.5650306,33.24050531
,,,,,,,정방폭포(주차장),Y,126.5730486,33.24474912
,,,,,,,서귀포수협수산물직매장,N,126.5642198,33.2395684
,,,,,,,해운항만과사무실,Y,126.5642198,33.23957559
,,,,,,,펠리체 리조트,N,126.534997,33.24442153
,,,,,,,서귀포예술의전당,Y,126.5507905,33.24633333
,,,,,,,서귀포예술의전당,Y,126.5507905,33.24633333
,,,,,,,오렌지호스텔,N,126.5573531,33.24718996
,,,,,,,칠십리호텔,N,126.5612547,33.24719297
,,,,,,,정방동주민센터,N,126.5651028,33.2458588
,,,,,,,서귀포시노인복지회관,N,126.5706943,33.25398814
,,,,,,,기아오토큐 신안자동차,Y,126.5824905,33.2917993
,,,,,,,번개과학관,N,126.5888268,33.28951947
,,,,,,,번개과학관,N,126.5888268,33.28951947
,,,,,,,도원자동차공업사,N,126.5816869,33.29281723
,,,,,,,블루핸즈(천지자동차),N,126.581768,33.29381651
,,,,,,,제이앤비가족호텔,N,126.5926148,33.2607628
,,,,,,,가산토방,N,126.5775759,33.287717
,,,,,,,제주끄라비펜션,N,126.5913943,33.27947661
,,,,,,,영천동주민센터,N,126.5866444,33.2687729
,,,,,,,영천동주민센터,Y,126.5866444,33.2687729
,,,,,,,서귀포교육지원청,Y,126.5891941,33.27069111
,,,,,,,그랜드골프 연습장,N,126.5829043,33.2761141
,,,,,,,대진유토피아입주자대표회의,N,126.8142057,33.34113266
,,,,,,,돔그라미,N,126.8095979,33.33575554
,,,,,,,크라운 골프클럽,N,126.802217,33.3392901
,,,,,,,주)록 샤인빌파크 컨트리클럽,N,126.7882015,33.34519893
,,,,,,,붉은오름 자연휴양림,N,126.6756716,33.40142958
,,,,,,,블라제리조트,N,126.7469407,33.37901169
,,,,,,,가시리 조랑말체험공원,Y,126.7362849,33.38309728
,,,,,,,제주허브동산,N,126.8147248,33.32912371
,,,,,,,빠담빠담게스트하우스,N,126.8181694,33.3296244
,,,,,,,아망뜨휴양펜션,N,126.8063255,33.30579483
,,,,,,,해양수산연구원,N,126.829507,33.30766086
,,,,,,,해비치리조트,Y,126.8449556,33.32287175
,,,,,,,제주민속촌박물관,N,126.8421344,33.32455966
,,,,,,,표선해수욕장 주차장,Y,126.8435002,33.32477056
,,,,,,,사이프러스 CC,N,126.7506286,33.41528575
,,,,,,,제주조랑말타운,N,126.7705343,33.4091347
,,,,,,,OK승마장,N,126.7831873,33.4027906
,,,,,,,성읍랜드,Y,126.7871594,33.39830245
,,,,,,,표선해양경비단,Y,126.8219062,33.3565925
,,,,,,,패밀리아펜션,N,126.823665,33.350581
,,,,,,,고금삼계탕,N,126.8260486,33.3426717
,,,,,,,성읍2리마을회,N,126.7693061,33.41831164
,,,,,,,성읍민속마을,Y,126.8018149,33.3841426
,,,,,,,제주스카이휴양펜션,N,126.7982685,33.33549241
,,,,,,,NH농협은행 제주수련원,Y,126.7999334,33.3255768
,,,,,,,㈜대명레저제주 제주지점,N,126.7928945,33.30601115
,,,,,,,성읍1리마을회,N,126.7977896,33.3899135
,,,,,,,로만토피아,N,126.7673166,33.35151605
,,,,,,,표선119센터,N,126.8277779,33.3271647
,,,,,,,CU 제주표선남촌점,Y,126.8286174,33.31670479
,,,,,,,표선농협,Y,126.8318709,33.3247771
,,,,,,,선스토리,N,126.8373643,33.31615753
,,,,,,,표선교회,N,126.8236831,33.32884101
,,,,,,,표선의례회관 앞 공영주차장,Y,126.8228665,33.3225332
,,,,,,,표선보건지소,N,126.8305483,33.3311424
,,,,,,,표선면사무소,N,126.8315711,33.32648969
,,,,,,,제주통나무휴양펜션,N,126.8237543,33.3510659
,,,,,,,표선생활체육관,Y,126.8143923,33.35426414
,,,,,,,허브펜션오즈,N,126.8336526,33.31857259
,,,,,,,자인빌리지펜션,N,126.6095005,33.27478863
,,,,,,,그랜드메르호텔,N,126.386119,33.23964279
,,,,,,,하예1마을회,N,126.3860495,33.2434657
,,,,,,,약천사,Y,126.4603899,33.2888115
,,,,,,,서진아파트,N,126.4626577,33.25518757
,,,,,,,소금막호스텔,N,126.6203433,33.25060801
,,,,,,,브런치더썸,N,126.5373831,33.25261722
,,,,,,,아우룸숲아파트 입대위,N,126.5551933,33.26177423
,,,,,,,회수사거리,Y,126.4425071,33.2630754
,,,,,,,효돈동주민센터,N,126.6155618,33.2633204
,,,,,,,효돈동주민센터,Y,126.6155618,33.2633204
,,,,,,,효돈축구공원,Y,126.6103678,33.2583809
,,,,,,,어리목주차장,Y,126.4940914,33.39209457
,,,,,,,어리목주차장,Y,126.4940914,33.39209457
,,,,,,,도립미술관,Y,126.4896073,33.45254876
,,,,,,,신비의사랑,N,126.4861617,33.4486163
,,,,,,,제주예찬,N,126.4868825,33.45407711
,,,,,,,천주교 제주교구 연동성당,N,126.4835152,33.4683435
,,,,,,,네오플,N,126.4851536,33.47288083
,,,,,,,넥슨박물관,Y,126.4857993,33.47211896
,,,,,,,양지공원,Y,126.5789019,33.44049944
,,,,,,,양지공원,Y,126.5789019,33.44049944
,,,,,,,제주 경찰교육 센터,Y,126.5651753,33.44133564
,,,,,,,삼양동주민센터,Y,126.5530085,33.45254797
,,,,,,,도장애인종합복지관,Y,126.5530085,33.45254797
,,,,,,,한라생태숲,Y,126.5941969,33.43070851
,,,,,,,에덴빌라 2차 가동,N,126.5608642,33.5114486
,,,,,,,끌림삼육오,N,126.3476676,33.4709885
,,,,,,,일도2동주민센터,N,126.5382172,33.5116144
,,,,,,,그린모텔,N,126.5166788,33.4985325
,,,,,,,제주국제공항,Y,126.4933167,33.5069117
,,,,,,,제주국제공항,Y,126.4933167,33.5069117
,,,,,,,이노우에스시,N,126.491468,33.4771542
,,,,,,,삼도2동주민센터,N,126.5222682,33.5117299
,,,,,,,제주시청,Y,126.5322178,33.50021259
,,,,,,,제주시청,Y,126.5322178,33.50021259
,,,,,,,노형119센터,N,126.4722415,33.4810713
,,,,,,,노형 미리내S클래스APT,N,126.4675606,33.48506456
,,,,,,,한국지엠제주바로서비스,N,126.5372419,33.4903395
,,,,,,,계롱길 벽돌가,N,126.8361085,33.5389257
,,,,,,,동복리671,N,126.7203012,33.55606579
,,,,,,,빨간풍차펜션,N,126.7423256,33.54861594
,,,,,,,동부농업기술센터,N,126.750406,33.5500699
,,,,,,,동부농업기술센터,Y,126.750406,33.5500699
,,,,,,,김녕교회,N,126.7533304,33.55155591
,,,,,,,구좌체육관,Y,126.7609155,33.5561992
,,,,,,,동부보건소,N,126.7513422,33.5543773
,,,,,,,동부보건소,Y,126.7513422,33.5543773
,,,,,,,김녕리새마을회,N,126.7486399,33.55302148
,,,,,,,김녕리대충동 새마을회,N,126.747188,33.55166613
,,,,,,,환경성질환예방관리센터,Y,126.8104242,33.48558365
,,,,,,,덕천리연수원,Y,126.7547255,33.48150806
,,,,,,,덕천리 새마을회,N,126.7713566,33.5022289
,,,,,,,소망요양원,Y,126.731531,33.547576
,,,,,,,만장굴,Y,126.7693256,33.52788559
,,,,,,,하도리새마을회,N,126.8824691,33.5186102
,,,,,,,제주민속식품,N,126.7509753,33.42791624
,,,,,,,비자림,Y,126.8112631,33.49170502
,,,,,,,상도리 새마을회,N,126.865601,33.5152904
,,,,,,,세화오일장인근주차장,Y,126.8316644,33.4895966
,,,,,,,제주레일파크 주식회사,N,126.8366019,33.46431777
,,,,,,,월정리새마을회,N,126.7946992,33.55596267
,,,,,,,메이더호텔,N,126.7066562,33.55196262
,,,,,,,㈜꼬뜨도르,N,126.7168459,33.55215949
,,,,,,,김녕새마을회,N,126.7487905,33.5515538
,,,,,,,용암해수산업화지원센터,Y,126.8121733,33.5425855
,,,,,,,해녀박물관,Y,126.8121733,33.5425855
,,,,,,,종달리새마을회,N,126.9005966,33.49260229
,,,,,,,송당리사무소,Y,126.779182,33.4713595
,,,,,,,동부농업기술센터 교육장,N,126.8426837,33.51094222
,,,,,,,동제주종합사회복지관,Y,126.8487174,33.5230697
,,,,,,,해바라기지역아동센터,N,126.8542789,33.5264879
,,,,,,,준민박,N,126.8452244,33.52751683
,,,,,,,디스이즈핫,N,126.8973861,33.5131782
,,,,,,,욜로펜션,N,126.888504,33.519366
,,,,,,,주식회사 로봇스퀘어,N,126.8308696,33.54000863
,,,,,,,아모르하우스,N,126.9016163,33.50820085
,,,,,,,솔,N,126.9017964,33.48598547
,,,,,,,보롬코지펜션,N,126.7926625,33.55928796
,,,,,,,신재생에너지홍보관,Y,126.8186501,33.55931794
,,,,,,,행원리 새마을회,N,126.8059236,33.5525323
,,,,,,,스마트그리드홍보관,Y,126.8131196,33.55709901
,,,,,,,아라2차미다움,N,126.5525492,33.48333048
,,,,,,,제주애덕의집,Y,126.5580751,33.49013392
,,,,,,,자치경찰단아라청사,N,126.5441435,33.4850238
,,,,,,,자치경찰단아라청사,Y,126.5441435,33.4850238
,,,,,,,제주시농협 하나로마트,Y,126.553599,33.50267889
,,,,,,,제주시교육지원청,N,126.5384278,33.49401128
,,,,,,,생각할때,N,126.4826358,33.48888985
,,,,,,,엘로이빌,N,126.4811994,33.49287963
,,,,,,,비원모텔,N,126.5193651,33.50938487
,,,,,,,재영윈저캐슬아파트,N,126.4840957,33.48583052
,,,,,,,노형동주민센터,N,126.4771831,33.48306793
,,,,,,,노형동주민센터,Y,126.4771831,33.48306793
,,,,,,,노형삼다아파트 앞 공영주차장,Y,126.4774187,33.48612351
,,,,,,,주식회사 노형호텔,N,126.4781203,33.48610844
,,,,,,,엠버리조트 사합,N,126.4894569,33.42368942
,,,,,,,롯데마트신제주점,Y,126.4818434,33.4824201
,,,,,,,이마트신제주점,Y,126.4804897,33.4849511
,,,,,,,이마트신제주점,N,126.4804897,33.4849511
,,,,,,,펄리호텔,N,126.4547704,33.46431921
,,,,,,,주식회사 프라미스,N,126.4422993,33.48941091
,,,,,,,나이스호텔,N,126.4423707,33.48297388
,,,,,,,제주공항 입구 공영주차장,Y,126.4957118,33.50367575
,,,,,,,새순지역아동센터,N,126.4422391,33.49275734
,,,,,,,개인택시조합,Y,126.4690661,33.4957048
,,,,,,,태백산 제주 본점,N,126.4672045,33.49471726
,,,,,,,제주상공회의소 뒤 공영주차장,Y,126.5201501,33.4904195
,,,,,,,휴펠리스2차,N,126.5328956,33.48701582
,,,,,,,도두동주민센터,N,126.4682368,33.5028684
,,,,,,,도두동주민센터,Y,126.4682368,33.5028684
,,,,,,,해변풍경 민박,N,126.4755946,33.5074016
,,,,,,,뉴해안풍경,N,126.4747763,33.5088343
,,,,,,,펄리플러스 호텔,N,126.4699672,33.50542917
,,,,,,,셀스퀘어빌딩,Y,126.590567,33.51558401
,,,,,,,주식회사 제이케이호텔,N,126.4905446,33.49217195
,,,,,,,맥도날드 공항점,N,126.4925679,33.49506534
,,,,,,,롯데하이마트 신제주점,Y,126.481169,33.4865713
,,,,,,,LG베스트샵(제주본점),N,126.4829981,33.4877001
,,,,,,,한국전기안전공사 제주지역본부,N,126.4833472,33.4879289
,,,,,,,신광아파트,N,126.484372,33.49077961
,,,,,,,도두하수처리장,N,126.4801829,33.50897783
,,,,,,,동부경찰서,Y,126.5367089,33.50317947
,,,,,,,문화예술진흥원,Y,126.5351739,33.50444317
,,,,,,,문화예술진흥원,Y,126.5351739,33.50444317
,,,,,,,문화예술진흥원,Y,126.5351739,33.50444317
,,,,,,,제주시청 지하 열린정보실,N,126.5325144,33.50027862
,,,,,,,화북119센터,N,126.5734952,33.5194139
,,,,,,,건입동주민센터,N,126.5315988,33.5150116
,,,,,,,건입동주민센터,Y,126.5315988,33.5150116
,,,,,,,안세미가든,N,126.6112956,33.4718208
,,,,,,,오젠정식,N,126.6105107,33.4674092
,,,,,,,봉개명도암마을회,N,126.6070908,33.4616354
,,,,,,,제주지방경찰청 제주한라경찰수련원,N,126.6197994,33.4549372
,,,,,,,제주4.3평화공원,Y,126.6206776,33.45086927
,,,,,,,제주4.3평화공원,Y,126.6206776,33.45086927
,,,,,,,노루생태공원,Y,126.6266442,33.44432383
,,,,,,,절물자연휴양림,Y,126.6259343,33.43797786
,,,,,,,연동119센터,N,126.4971594,33.4884767
,,,,,,,제주도의회,Y,126.4988756,33.49025848
,,,,,,,제주도의회,Y,126.4988756,33.49025848
,,,,,,,제주도청 2청사,N,126.5000625,33.48895056
,,,,,,,제주도청 2청사,Y,126.5000625,33.48895056
,,,,,,,제주도교육청,Y,126.4979708,33.49043153
,,,,,,,제주도교육청,Y,126.4979708,33.49043153
,,,,,,,제주도교육청,Y,126.4979708,33.49043153
,,,,,,,제주도청 1청사,Y,126.4975929,33.48878189
,,,,,,,제주도청 1청사,Y,126.4975929,33.48878189
,,,,,,,이호동주민센터,N,126.4581461,33.49981324
,,,,,,,이호동주민센터,Y,126.4581461,33.49981324
,,,,,,,봉개동마을운영회,N,126.5913286,33.4929119
,,,,,,,대한예수교장로회봉개교회,N,126.6015008,33.4879082
,,,,,,,KBS사옥 주차장,N,126.5193482,33.48908456
,,,,,,,금원앙상블9차자치위원회,N,126.5952942,33.49541098
,,,,,,,봉개동공영주차장,Y,126.5949431,33.4914049
,,,,,,,라헨느리조트,N,126.6138743,33.453247
,,,,,,,사려니숲길 주차장,Y,126.6294642,33.4394527
,,,,,,,봉개동주민센터,N,126.5947306,33.49166571
,,,,,,,봉개동주민센터,Y,126.5947306,33.49166571
,,,,,,,제주시 평생학습센터,Y,126.5471083,33.5140706
,,,,,,,관음사휴게소,Y,126.5497566,33.42161484
,,,,,,,관음사휴게소,Y,126.5497566,33.42161484
,,,,,,,난지축산연구소,N,126.5482938,33.42753476
,,,,,,,관음사가는길,N,126.5544232,33.43755402
,,,,,,,제주의료원,Y,126.5608471,33.44489073
,,,,,,,한국폴리텍대학 제주캠퍼스,Y,126.5614065,33.4474208
,,,,,,,인재개발원,Y,126.5602566,33.4468976
,,,,,,,인재개발원,Y,126.5602566,33.4468976
,,,,,,,삼도1동 주민센터,N,126.5173858,33.50414427
,,,,,,,탑동2공영주차장,Y,126.5198951,33.5182983
,,,,,,,보건환경연구원,N,126.4950532,33.47993956
,,,,,,,보건환경연구원,Y,126.4950532,33.47993956
,,,,,,,㈜제이워드,N,126.4926527,33.49011415
,,,,,,,제주올레호텔,N,126.491976,33.4902781
,,,,,,,성진교회,N,126.5904964,33.50696448
,,,,,,,봉개반석아르미,N,126.5950043,33.495738
,,,,,,,한국교통안전공단 제주자동차검사소,Y,126.5894928,33.51436866
,,,,,,,민속자연사박물관,N,126.53159,33.50646727
,,,,,,,민속자연사박물관,Y,126.53159,33.50646727
,,,,,,,삼양2동공영주차장,Y,126.5828031,33.51958636
,,,,,,,천일각,N,126.5083861,33.49968395
,,,,,,,티나모텔,N,126.5203594,33.5016303
,,,,,,,제주종합경기장,N,126.5150461,33.49799717
,,,,,,,제주종합경기장,Y,126.5150461,33.49799717
,,,,,,,제주종합경기장,Y,126.5150461,33.49799717
,,,,,,,리젠트마린호텔,N,126.5267819,33.51745201
,,,,,,,호텔 휘슬락,N,126.5275099,33.51737905
,,,,,,,무궁화모텔,N,126.5193899,33.51103652
,,,,,,,LG베스트샵(제주삼도점),N,126.5201544,33.50991808
,,,,,,,삼도1동청소년문화의집,N,126.5182971,33.5036928
,,,,,,,썬비치리조트,N,126.4614056,33.50251798
,,,,,,,항운노조새마을금고,N,126.4686244,33.5053914
,,,,,,,아모렉스리조트,Y,126.4702754,33.5074916
,,,,,,,아모렉스리조트,N,126.4702754,33.5074916
,,,,,,,제주전기렌트카,Y,126.4572692,33.50038661
,,,,,,,㈜흥학산업개발,N,126.4712953,33.50859761
,,,,,,,마니주민박,N,126.4722988,33.5089545
,,,,,,,씨엘블루호텔,N,126.4849936,33.51155843
,,,,,,,엔알누리빌3차아파트 입대위,N,126.604888,33.49839557
,,,,,,,곶자왈 숲 펜션,N,126.7094688,33.47209127
,,,,,,,제주 웰컴센터,Y,126.4994025,33.48621787
,,,,,,,설문대여성문화센터,N,126.5003727,33.48439696
,,,,,,,설문대여성문화센터,Y,126.5003727,33.48439696
,,,,,,,별빛누리공원,Y,126.5491863,33.4445748
,,,,,,,농어촌공사 제주지역본부,Y,126.5872715,33.5225765
,,,,,,,제주삼양유적지,Y,126.5879986,33.52350584
,,,,,,,제주환경사무소,N,126.6299215,33.46136662
,,,,,,,한라수목원,N,126.4928468,33.46936748
,,,,,,,한라수목원,Y,126.4928468,33.46936748
,,,,,,,제주도근로자종합복지관,Y,126.486231,33.46969727
,,,,,,,제주시 공영버스 주차장,N,126.4832086,33.46853427
,,,,,,,현광협(오크라),N,126.4860734,33.48910971
,,,,,,,연동주민센터,N,126.4968774,33.4882923
,,,,,,,코스모스 태홍누리안5차,N,126.4960263,33.48506097
,,,,,,,코스모스 태홍누리안5차,N,126.4960263,33.48506097
,,,,,,,조양개발,N,126.4972969,33.49330291
,,,,,,,현대블루핸즈 연동점,N,126.5002893,33.4819314
,,,,,,,제주도 소방안전본부,N,126.4989429,33.490553
,,,,,,,세븐일레븐제주함덕게스트하우스점,N,126.6782084,33.540729
,,,,,,,제주영상미디어센터,Y,126.5341548,33.505835
,,,,,,,주식회사 제주인,N,126.4458303,33.49184301
,,,,,,,㈜송원,N,126.5303915,33.4980299
,,,,,,,아라지구 공영주차장,Y,126.5626925,33.4261379
,,,,,,,탐라중학교공영주차장,Y,126.5450031,33.4763498
,,,,,,,아라지구공영주차장,Y,126.5476976,33.4703785
,,,,,,,현대블루핸즈 아라점,N,126.5546419,33.4770461
,,,,,,,아라요양병원,N,126.5468743,33.45652881
,,,,,,,제주대학교,Y,126.5452008,33.46720843
,,,,,,,제주대학교 병원,Y,126.5452008,33.46720843
,,,,,,,제주시 자연인,N,126.5399561,33.4687254
,,,,,,,제주시각장애인복지관,Y,126.581262,33.4710751
,,,,,,,우정골프연습장,N,126.5057242,33.4734215
,,,,,,,제주 KCTV,Y,126.4961426,33.48133245
,,,,,,,제주아라주원라비앙,N,126.5345771,33.4760063
,,,,,,,㈜에스피오엘 제주지점(빌레리조트),N,126.3470077,33.47107602
,,,,,,,주식회사 샐리스,N,126.341716,33.4646612
,,,,,,,리치호텔,N,126.3489193,33.47208143
,,,,,,,뉴오션리조트,N,126.3455825,33.46946368
,,,,,,,충청북도학생해양수련원,N,126.3069496,33.45058009
,,,,,,,선앤문,N,126.3083949,33.4500504
,,,,,,,나인스파빌,N,126.4302304,33.4453944
,,,,,,,어반네이처㈜,N,126.4325504,33.4346171
,,,,,,,주식회사 우성기계공조,N,126.4346422,33.43508231
,,,,,,,솔베이지펜션,N,126.4284762,33.4452565
,,,,,,,해밀관광호스텔,N,126.4041,33.44362708
,,,,,,,농업회사법인 주식회사 제주하늘관광농원,N,126.4249881,33.4464467
,,,,,,,흰수염고래리조트,N,126.3800156,33.4748857
,,,,,,,(재)대한예수교장로회금성교회,N,126.302726,33.44618935
,,,,,,,대웅투민박,N,126.3833693,33.48136723
,,,,,,,봉성리 종합복지회관,Y,126.3124995,33.42209163
,,,,,,,보타리농장,Y,126.3251375,33.39906256
,,,,,,,보타리본사,Y,126.3173876,33.4086372
,,,,,,,올레리조트,N,126.3562705,33.47538717
,,,,,,,수앤수 가족호텔,N,126.3585877,33.47454087
,,,,,,,상가리사무소,Y,126.3456495,33.4496848
,,,,,,,제주농업기술센터,N,126.4038544,33.45815235
,,,,,,,제주농업기술센터,Y,126.4038544,33.45815235
,,,,,,,소길리 새마을회,N,126.3801829,33.44049852
,,,,,,,새마을금고제주연수원,Y,126.3938909,33.4134463
,,,,,,,애월휴스토리,N,126.3924465,33.46583262
,,,,,,,세븐일레븐 애월신엄,Y,126.363791,33.4701674
,,,,,,,용흥리새마을회,N,126.3690389,33.45870854
,,,,,,,제주조이랜드,N,126.3251781,33.45491421
,,,,,,,바그다드하우스,N,126.3309611,33.45038741
,,,,,,,애월농협,Y,126.3219044,33.46043237
,,,,,,,대한 예수교 애월교회,N,126.3260455,33.46295054
,,,,,,,㈜ 테마 (제주지점),N,126.3124885,33.4630443
,,,,,,,현대캐피탈(가스공사제주기지건설단),N,126.3215884,33.4670191
,,,,,,,농업회사법인 주식회사 다락,N,126.3409559,33.46957621
,,,,,,,다인오세아노호텔,N,126.3504781,33.47252237
,,,,,,,클럽다인리조트,Y,126.3512564,33.47144454
,,,,,,,㈜루스톤,N,126.3527546,33.47192841
,,,,,,,베니키아호텔제주,N,126.3629571,33.47726817
,,,,,,,윈드힐 호텔&리조트,N,126.3628467,33.4776427
,,,,,,,CU 제주씨앤블루점,Y,126.3653153,33.47786089
,,,,,,,㈜유니,N,126.3734285,33.47946741
,,,,,,,UFO민박,N,126.381838,33.485503
,,,,,,,탐라스테이호텔제주,N,126.3912147,33.48692373
,,,,,,,종이시계,N,126.3917939,33.4853375
,,,,,,,서부경찰서,Y,126.4056436,33.47400369
,,,,,,,하귀농협 장례식장,Y,126.4264598,33.47317853
,,,,,,,9.81제주파크,Y,126.3557249,33.39145338
,,,,,,,9.81제주파크,Y,126.3557249,33.39145338
,,,,,,,농산물원종장,N,126.3285733,33.3755161
,,,,,,,녹고뫼 안트레안내센터,Y,126.4079693,33.40595168
,,,,,,,하소로지역아동센터,N,126.3966439,33.42265961
,,,,,,,㈜오제이상사,N,126.4088269,33.429794
,,,,,,,파스쿠찌유수암점,Y,126.4079787,33.42359058
,,,,,,,한담누리게스트하우스,N,126.3123834,33.4592769
,,,,,,,애월도서관,Y,126.3313092,33.4633212
,,,,,,,애월체육관,N,126.3319658,33.46298979
,,,,,,,애월119센터,N,126.3487619,33.4666589
,,,,,,,애월119센터,Y,126.3487619,33.4666589
,,,,,,,하귀농협 복지센터,Y,126.4003734,33.48130641
,,,,,,,장전리 사무소,N,126.3891067,33.45061179
,,,,,,,주식회사 레저가온 제주지점,N,126.3216551,33.4327667
,,,,,,,애월스테이관광호텔,N,126.3716952,33.4779996
,,,,,,,엘리시안C.C,N,126.3808964,33.37207808
,,,,,,,경마공원,N,126.3955532,33.4087625
,,,,,,,하가리사무소,N,126.3498802,33.4569424
,,,,,,,헤리티지,N,126.4295414,33.44419031
,,,,,,,오렌지슈가 주식회사,N,126.4287999,33.44115754
,,,,,,,하귀1지구 공영주차장,Y,126.4177465,33.4845878
,,,,,,,주식회사 제주막걸리,N,126.4213611,33.4898808
,,,,,,,천주교 하귀성당,N,126.4037238,33.47848798
,,,,,,,(재) 대한예수교장로회하귀교회,N,126.4074692,33.47892428
,,,,,,,제주힐,N,126.3933982,33.43792401
,,,,,,,한류㈜,N,126.3980984,33.41692531
,,,,,,,국립환경과학원_제주대기오염측정소,N,126.3885261,33.34683851
,,,,,,,달빛바다펜션,N,126.498456,33.51749202
,,,,,,,기아오토큐외도점,N,126.4239306,33.4925149
,,,,,,,마중물,N,126.489044,33.47283562
,,,,,,,연동이화1차아파트,N,126.4848446,33.4909113
,,,,,,,도원스카이타워빌,N,126.4872625,33.4911439
,,,,,,,시리우스호텔,Y,126.4909571,33.49344684
,,,,,,,엠버서더,N,126.4878639,33.489725
,,,,,,,연동공영주차장(로얄호텔앞),N,126.4914711,33.4890445
,,,,,,,하와이관광호텔,N,126.4914979,33.48313823
,,,,,,,한국전력공사 제주지역본부,Y,126.5011899,33.48898395
,,,,,,,제주도청 2청사 후문 공영주차장,Y,126.5001059,33.4881996
,,,,,,,㈜제주테마조각공원,N,126.4884816,33.45211103
,,,,,,,㈜다온디엔씨,N,126.4894091,33.48469849
,,,,,,,㈜삼원더,N,126.4986903,33.48207848
,,,,,,,정원파인즈13차,N,126.5028661,33.48263626
,,,,,,,부민장례식장,Y,126.5218495,33.4803205
,,,,,,,제스코마트,Y,126.5290803,33.48021778
,,,,,,,오름빌리지,N,126.5115218,33.48629869
,,,,,,,대원상록수12차 주민자치회,N,126.5130354,33.48732525
,,,,,,,평원해모아빌,N,126.5111798,33.4828244
,,,,,,,기아오토큐 오라동대리점,Y,126.5047358,33.49288223
,,,,,,,한국충전㈜,Y,126.5402581,33.5011704
,,,,,,,제주보건소,Y,126.5202864,33.49160165
,,,,,,,제주학생문화원,Y,126.5411935,33.50009108
,,,,,,,JIBS사옥 주차장,N,126.5024361,33.4938653
,,,,,,,아이고운힐A,N,126.5038577,33.48757008
,,,,,,,첨단과학단지 외부,N,126.5769732,33.4241658
,,,,,,,추자도보건지소,N,126.2959568,33.9604004
,,,,,,,글로벌투어,N,126.4650268,33.4806793
,,,,,,,한라도서관,Y,126.5156272,33.4763664
,,,,,,,한라도서관,Y,126.5156272,33.4763664
,,,,,,,제주아트센터,N,126.5156482,33.4754636
,,,,,,,도남e편한세상아파트1차,Y,126.5219928,33.49579182
,,,,,,,프라임 산후조리원,N,126.517708,33.48837855
,,,,,,,의료법인 연강의료재단,N,126.5332448,33.461219
,,,,,,,한라산 리조트 주식회사,N,126.5291666,33.3616666
,,,,,,,중앙교회,N,126.5170182,33.48780967
,,,,,,,탐라교육원,Y,126.5322919,33.42711853
,,,,,,,제주오라성,N,126.5118393,33.4596254
,,,,,,,한국자동차 공업사,N,126.5107938,33.49560026
,,,,,,,오라동주민센터,Y,126.511555,33.4951336
,,,,,,,월드그린골프연습장,N,126.5044484,33.492273
,,,,,,,김순선조산원,N,126.5141565,33.4761111
,,,,,,,이도2동주민센터,N,126.5352994,33.497027
,,,,,,,이도2동공영주차장,Y,126.5349264,33.49678952
,,,,,,,제주교육박물관,N,126.5378951,33.49462598
,,,,,,,해오름,N,126.4759669,33.49492052
,,,,,,,오일시장일대공영주차장,Y,126.4748897,33.49724567
,,,,,,,에스호텔 주식회사,N,126.4714614,33.495435
,,,,,,,옹포썬빌리지 101동,N,126.2528981,33.40088819
,,,,,,,옹포썬빌리지 102동,N,126.2528981,33.40088819
,,,,,,,외도구획정리지구,Y,126.432638,33.4899087
,,,,,,,외도1동 공영주차장,Y,126.429739,33.4876623
,,,,,,,제주수산연구소,Y,126.4290032,33.4938538
,,,,,,,형제자동차공업사(1급),Y,126.4236567,33.4916997
,,,,,,,용담1동주민센터,N,126.5132793,33.5091014
,,,,,,,용담1동주민센터,N,126.5132793,33.5091014
,,,,,,,금자탑,N,126.5188802,33.5106545
,,,,,,,꿈쟁이 지역아동센터,N,126.5068606,33.5072672
,,,,,,,해호텔,N,126.495252,33.51960662
,,,,,,,용담밭담,N,126.5099534,33.5011291
,,,,,,,SK행복날개 주유소,Y,126.4975549,33.5050106
,,,,,,,해성상사,N,126.5048143,33.50706999
,,,,,,,영보맨션,N,126.5060683,33.51062726
,,,,,,,우도면사무소,N,126.9535621,33.50655423
,,,,,,,우도보건지소,N,126.9535621,33.50655423
,,,,,,,오봉리새마을회,N,126.9516582,33.5162903
,,,,,,,우도면 천진리,N,126.9515582,33.4948384
,,,,,,,제주도농아복지관,Y,126.4256553,33.4848735
,,,,,,,제주도농아복지관,Y,126.4256553,33.4848735
,,,,,,,핀크스아파트,N,126.4319784,33.4905116
,,,,,,,외도부영2차아파트,Y,126.433522,33.48498216
,,,,,,,현대블루핸즈 외도점,N,126.4300838,33.4842129
,,,,,,,뉴그린카공업사,N,126.4613221,33.47847401
,,,,,,,조은이앤씨주식회사,N,126.5214425,33.48392834
,,,,,,,세원멤버스 1차,N,126.4845441,33.4864363
,,,,,,,노형부영1차아파트,Y,126.4855438,33.48041256
,,,,,,,노형부영1차,Y,126.4855438,33.48041256
,,,,,,,현대블루핸즈 노형북부점,Y,126.4654493,33.4854792
,,,,,,,제주시농협 하나로유통센터,Y,126.4673557,33.48760616
,,,,,,,제주춘강의원,Y,126.5016713,33.493696
,,,,,,,의료법인 중앙의료재단 중앙병원,N,126.4704818,33.49232226
,,,,,,,의료법인 중앙의료재단 중앙병원,N,126.4704818,33.49232226
,,,,,,,태대산,N,126.5034532,33.50117174
,,,,,,,녹고뫼영농조합법인,N,126.4185466,33.41313875
,,,,,,,제이드림 주식회사,N,126.4915463,33.4894038
,,,,,,,수목원테마파크,Y,126.4882806,33.47065036
,,,,,,,삼성혈 인근 공영주차장,Y,126.5303835,33.5046445
,,,,,,,베라체 공영주차장,Y,126.5353375,33.4969863
,,,,,,,한국전력 제주전력지사,Y,126.536771,33.498292
,,,,,,,주식회사 호텔샬롬,N,126.5325871,33.5019811
,,,,,,,오드리인제주/㈜갤러리,N,126.4604535,33.5032633
,,,,,,,에바다호스텔,N,126.447497,33.49712977
,,,,,,,용인아파트,N,126.5394576,33.5058761
,,,,,,,영락교회 인근 공영주차장,Y,126.5442435,33.5106341
,,,,,,,국립제주박물관,Y,126.5486968,33.51329991
,,,,,,,㈜ 뉴월드삼화점,N,126.5702775,33.5197394
,,,,,,,구좌읍주민센터,Y,126.852032,33.5225168
,,,,,,,구좌읍주민센터,Y,126.852032,33.5225168
,,,,,,,제주대학교교육대학,Y,126.5530686,33.5145691
,,,,,,,대신자동차매매상사,N,126.5562375,33.51539
,,,,,,,롯데리아 제주외도 DT,Y,126.4307653,33.49322448
,,,,,,,외도동주민센터,N,126.4321189,33.4929556
,,,,,,,외도동주민센터,Y,126.4321189,33.4929556
,,,,,,,주식회사 아라온제주,N,126.4580843,33.4948034
,,,,,,,제주항여객터미널,Y,126.5350373,33.51953529
,,,,,,,제주해양관리단,N,126.5374712,33.5192613
,,,,,,,제주소방서 항만119센터,Y,126.5390432,33.52001548
,,,,,,,제주해양경비안전서,Y,126.5402446,33.51998027
,,,,,,,다이아나호텔,Y,126.5395457,33.51781026
,,,,,,,제주양로원,Y,126.4482646,33.47383647
,,,,,,,제주양로원,Y,126.4482646,33.47383647
,,,,,,,LH제주지역본부,Y,126.5237993,33.5040866
,,,,,,,재영샤르빌,N,126.4329045,33.48991644
,,,,,,,탐라도서관,Y,126.4771977,33.47919835
,,,,,,,노형맨션아파트,N,126.4733575,33.4830126
,,,,,,,제주대학교,Y,126.5642957,33.4572368
,,,,,,,동복리사무소,N,126.7068025,33.54818349
,,,,,,,(주)메이풀하우스유스호스텔,N,126.6619135,33.50090123
,,,,,,,토계정,N,126.6772425,33.4367741
,,,,,,,교래리새마을회,N,126.6746686,33.43167415
,,,,,,,성미가든,N,126.6770814,33.43758783
,,,,,,,아름,N,126.6787796,33.4356103
,,,,,,,청지목,N,126.6724688,33.4253355
,,,,,,,제주승마장,N,126.635052,33.4087482
,,,,,,,성판악휴게소,Y,126.635052,33.4087482
,,,,,,,산굼부리,Y,126.635052,33.4087482
,,,,,,,한국마사회제주육성목장,N,126.6809804,33.41709893
,,,,,,,더갤러리,N,126.6754958,33.42210848
,,,,,,,구구토종닭,N,126.6744212,33.42539833
,,,,,,,제주돌문화공원,N,126.6567109,33.45136376
,,,,,,,제주돌문화공원,Y,126.6567109,33.45136376
,,,,,,,교래자연휴양림,Y,126.6567109,33.45136376
,,,,,,,베스트힐 주차장,Y,126.6576599,33.45400628
,,,,,,,㈜ 월드씨엔에스,N,126.6538305,33.51682635
,,,,,,,GS25제주대흘점,Y,126.659133,33.4977094
,,,,,,,대흘2리사무소,N,126.671282,33.5141282
,,,,,,,에코랜드 테마파크,N,126.6705494,33.4605994
,,,,,,,에코랜드 테마파크,N,126.6705494,33.4605994
,,,,,,,람사르습지 주차장,Y,126.7156674,33.50969881
,,,,,,,제주오름 승마랜드,N,126.7134479,33.4489847
,,,,,,,제주동물위생시험소,Y,126.6383419,33.4758712
,,,,,,,제주다온,N,126.69569,33.51263744
,,,,,,,북촌 너븐숭이4.3 기념관,Y,126.6886562,33.54601504
,,,,,,,사단법인 열방대학 선교훈련원,N,126.6342455,33.5344076
,,,,,,,곶자왈,N,126.6751595,33.43503307
,,,,,,,안다미로,N,126.6765742,33.4363054
,,,,,,,다락,N,126.6770236,33.4369041
,,,,,,,CU 제주교래점,Y,126.6790176,33.43626569
,,,,,,,스노우빈,N,126.6793592,33.4322959
,,,,,,,다희연,N,126.7068934,33.4867669
,,,,,,,거문오름유스호스텔,N,126.7094326,33.4674748
,,,,,,,주식회사 탐라신들의 고향,N,126.7092065,33.46302772
,,,,,,,제주세계자연유산센터,Y,126.7147513,33.4569205
,,,,,,,거문오름 주차장,Y,126.7147513,33.4569205
,,,,,,,선흘2리 마을회,N,126.7032981,33.45941812
,,,,,,,선흘리 낙선동4.3성,Y,126.694074,33.51551857
,,,,,,,조천읍사무소,Y,126.6342946,33.53482361
,,,,,,,조천읍사무소,Y,126.6342946,33.53482361
,,,,,,,조천 항일기념관,N,126.6428272,33.54162499
,,,,,,,조천 항일기념관,Y,126.6428272,33.54162499
,,,,,,,라마다 제주함덕호텔 1차,N,126.6598643,33.54315159
,,,,,,,신촌리 사무소,N,126.6201463,33.53317991
,,,,,,,대명리조트,N,126.671133,33.54102541
,,,,,,,어머니 영농조합법인,N,126.6330598,33.50895875
,,,,,,,오션베스트빌구내,N,126.6447555,33.5530886
,,,,,,,삼육구,N,126.6459979,33.47371142
,,,,,,,제주필하우스,Y,126.6863809,33.5450968
,,,,,,,북촌플레이스,N,126.6881018,33.54567464
,,,,,,,북촌리 사무소,N,126.695816,33.54798388
,,,,,,,마빈,N,126.6974922,33.5489689
,,,,,,,조천농협 농산물산지유통센터,Y,126.62254,33.53134077
,,,,,,,CU 제주동부관광점,Y,126.6428947,33.53463244
,,,,,,,조천체육관,Y,126.6436671,33.53949966
,,,,,,,조천체육관,Y,126.6436671,33.53949966
,,,,,,,천주교제주교구 조천성당,N,126.6312626,33.53274468
,,,,,,,제주와요,N,126.6385606,33.53301864
,,,,,,,대한예수장로회 조천교회,N,126.6353657,33.53480515
,,,,,,,CU 제주사리탑교차로점,Y,126.6330188,33.52784162
,,,,,,,무거,N,126.6550677,33.54898062
,,,,,,,아이미제주비치호텔,N,126.6634153,33.54328389
,,,,,,,상하수도본부,Y,126.6503584,33.4999061
,,,,,,,상하수도본부,Y,126.6503584,33.4999061
,,,,,,,함덕태영주택,N,126.6744992,33.53314715
,,,,,,,함덕진우파크빌,N,126.6741482,33.5328397
,,,,,,,행운식품,Y,126.6697493,33.5368718
,,,,,,,함덕농협 하나로마트,Y,126.674043,33.53677397
,,,,,,,달빛빌리지 관광농원,N,126.6792832,33.49498964
,,,,,,,풍경채대촌미락,N,126.6644722,33.5428119
,,,,,,,말이랑흑도새기랑,N,126.4860757,33.4500815
,,,,,,,제주스카이라인휴양펜션,N,126.4831887,33.44141416
,,,,,,,고용센터,Y,126.5270726,33.50438005
,,,,,,,해변공연장,Y,126.5239537,33.518116
,,,,,,,제주벤처마루,Y,126.5300349,33.5003147
,,,,,,,제주라마다시티,N,126.5342984,33.49350536
,,,,,,,제주소방서,N,126.5366274,33.49088876
,,,,,,,아라동주민센터,Y,126.5449898,33.4763055
,,,,,,,이도1동주민센터,N,126.5267233,33.50686711
,,,,,,,이도1동주민센터,Y,126.5267233,33.50686711
,,,,,,,일도1동주민센터,N,126.5263773,33.5150703
,,,,,,,삼양동주민센터,Y,126.5855868,33.5218396
,,,,,,,정원파인즈14차,N,126.4800613,33.47459064
,,,,,,,화북동주민센터,N,126.5654876,33.520225
,,,,,,,화북동주민센터,Y,126.5654876,33.520225
,,,,,,,가연이네주말농장민박식당,N,126.6014365,33.49261069
,,,,,,,일도삼주아파트,Y,126.5426023,33.5039515
,,,,,,,신천지아파트,Y,126.5447864,33.50447886
,,,,,,,첨단과학단지(스마트빌딩),Y,126.5784926,33.45396077
,,,,,,,첨단과학기술단지,N,126.5725003,33.4537553
,,,,,,,첨단과학단지(엘리트빌딩),Y,126.572552,33.4529415
,,,,,,,제주특별자치도관광협회,N,126.5727653,33.4523832
,,,,,,,㈜카카오,N,126.5708564,33.45244878
,,,,,,,㈜카카오,N,126.5708564,33.45244878
,,,,,,,제주테크노파크방송통신융합센터,Y,126.5718249,33.45114657
,,,,,,,카카오 본사,N,126.5704935,33.45068035
,,,,,,,첨단과학단지(세미앙빌딩),Y,126.5714509,33.44233843
,,,,,,,제주정부종합청사,Y,126.5250586,33.49086649
,,,,,,,현대자동차 화북점,N,126.5645502,33.5180595
,,,,,,,추자면사무소,N,126.2960688,33.96370145
,,,,,,,추자면사무소,Y,126.2960688,33.96370145
,,,,,,,축산진흥원,Y,126.4871027,33.4414666
,,,,,,,이마트제주점,N,126.5211776,33.5179985
,,,,,,,이마트제주점,Y,126.5211776,33.5179985
,,,,,,,오리엔탈호텔,N,126.5197977,33.51758741
,,,,,,,라마다호텔,N,126.5181376,33.51880713
,,,,,,,라마다호텔,N,126.5181376,33.51880713
,,,,,,,이레순복음교회,N,126.5491428,33.4995272
,,,,,,,메모리모텔,N,126.5189674,33.5003379
,,,,,,,해양경비안전센터(고산출장소),Y,126.1640951,33.3081601
,,,,,,,유리의성,Y,126.2736641,33.31463496
,,,,,,,숯불애,N,126.2701731,33.31707768
,,,,,,,두모리마을회,N,126.1830528,33.35748203
,,,,,,,한경면사무소,Y,126.1841057,33.35011034
,,,,,,,한경도서관 앞 주차장,Y,126.1845735,33.3498289
,,,,,,,한경농협,Y,126.1906186,33.3465629
,,,,,,,한경농협,Y,126.1906186,33.3465629
,,,,,,,알프스보석궁전테마파크,N,126.2485647,33.29076634
,,,,,,,라온레저개발㈜,N,126.2782452,33.34462019
,,,,,,,한경119센터,Y,126.1828515,33.3426894
,,,,,,,GS25 너울빌리지점,Y,126.1933741,33.36274266
,,,,,,,제주현대미술관,Y,126.2656922,33.33969225
,,,,,,,생각하는정원,Y,126.2552095,33.325988
,,,,,,,GS25제주한경점,Y,126.2561179,33.33126844
,,,,,,,천주교 제주교구 청수성당,N,126.2459059,33.3227757
,,,,,,,사단법인 웃뜨르운영협의회,N,126.2590312,33.30227234
,,,,,,,청수지역아동센터,N,126.2438312,33.3207857
,,,,,,,기독교대한성결교회 청수교회,N,126.248028,33.3207848
,,,,,,,한경체육관,Y,126.1845554,33.30119618
,,,,,,,한경체육관,Y,126.1845554,33.30119618
,,,,,,,주식회사 비체올린,N,126.218192,33.34944607
,,,,,,,제주또올레,N,126.2013077,33.3608375
,,,,,,,판포리 마을회,N,126.203135,33.36265062
,,,,,,,제주서부하수처리장,N,126.2062628,33.370031
,,,,,,,바사팬스파,N,126.1683612,33.34016415
,,,,,,,바다목장,Y,126.1793437,33.34607951
,,,,,,,조수일리마을회,N,126.2284274,33.3372366
,,,,,,,노형골프클럽,N,126.482742,33.47607686
,,,,,,,서부보건소,N,126.2696764,33.4123118
,,,,,,,제주뮤지엄컴플렉스,N,126.3575227,33.34808488
,,,,,,,귀덕2리새마을회,N,126.2793725,33.44182177
,,,,,,,제주 에코그린리조트,Y,126.2914788,33.43528832
,,,,,,,해성아파트,N,126.2917837,33.44064548
,,,,,,,라온프라이빗타운,N,126.2396078,33.37967782
,,,,,,,한림공원 인근 공영주차장,Y,126.2372035,33.3910691
,,,,,,,한국 천주교 엠마오 연수원,N,126.3216811,33.34140995
,,,,,,,세븐일레븐제주한림일주점,Y,126.2674064,33.4017735
,,,,,,,한림코아루아파트입주자대표회의,N,126.2647663,33.4078905
,,,,,,,한림정낭장례식장,N,126.2720403,33.4127644
,,,,,,,명월리 마을회,N,126.2666446,33.3869787
,,,,,,,포에마,N,126.2647261,33.39173017
,,,,,,,스웨덴호스텔,N,126.2602554,33.39066857
,,,,,,,성이시돌피정의집,N,126.3214098,33.345324
,,,,,,,오리지날로맨스,N,126.2504607,33.40083743
,,,,,,,한국수산자원관리공단 제주본부,N,126.2524813,33.40687944
,,,,,,,김창열미술관,Y,126.2686706,33.33907149
,,,,,,,옹포리 새마을회,N,126.2558273,33.40356716
,,,,,,,옹포리 새마을회,N,126.2558273,33.40356716
,,,,,,,월령리 사무소,N,126.2154965,33.3759326
,,,,,,,푸르다오션 민박,N,126.216429,33.37930646
,,,,,,,라온랜드 주식회사,N,126.2415067,33.3555222
,,,,,,,서부농업기술센터,N,126.2486386,33.35373448
,,,,,,,서부농업기술센터,Y,126.2486386,33.35373448
,,,,,,,제주발리리조트,N,126.2497249,33.3893018
,,,,,,,현대블루핸즈 한림점,Y,126.2777744,33.4358428
,,,,,,,상대리 마을회,N,126.2934313,33.40718792
,,,,,,,한림2리새마을회,N,126.2685905,33.4114546
,,,,,,,일성레저산업 제주지점,N,126.2210916,33.38572266
,,,,,,,대한 예수교 한림교회,N,126.2670805,33.4159308
,,,,,,,팡,N,126.2510098,33.40198035
,,,,,,,메리엘 오션 아파트,N,126.2601842,33.4122594
,,,,,,,한수리새마을회,N,126.2637948,33.4208672
,,,,,,,한사랑지역아동센터,N,126.273935,33.41661429
,,,,,,,한림읍사무소,N,126.2671058,33.41041797
,,,,,,,한림읍사무소,Y,126.2671058,33.41041797
,,,,,,,마마스민박,N,126.2534101,33.40084439
,,,,,,,서부소방서,N,126.2702764,33.40252431
,,,,,,,서부소방서,Y,126.2702764,33.40252431
,,,,,,,동명새마을회,N,126.265448,33.40914955
,,,,,,,한림체육관,N,126.2685438,33.40969076
,,,,,,,한림체육관,Y,126.2685438,33.40969076
,,,,,,,한림체육관,Y,126.2685438,33.40969076
,,,,,,,이랜드파크켄싱턴리조트제주한림점,N,126.2744373,33.4357632
,,,,,,,대림리 새마을회,N,126.2812876,33.4223937
,,,,,,,한림성당,N,126.2657815,33.41761199
,,,,,,,수원종합씽크,N,126.2723143,33.4205758
,,,,,,,블랙스톤리조트,N,126.3124298,33.33776695
,,,,,,,카이리조트,N,126.2412708,33.39211912
,,,,,,,제주금강산콘도 미봉,N,126.2502022,33.38002763
,,,,,,,하모니리조트,N,126.2521108,33.37936069
,,,,,,,바다그리기,N,126.2499829,33.399358
,,,,,,,마린뷰펜션,N,126.2445853,33.3984183
,,,,,,,한림공원,Y,126.2404226,33.38978783
,,,,,,,라온프라이빗타운,N,126.2482491,33.3807358
,,,,,,,아덴힐cc,N,126.3688924,33.3475337
,,,,,,,제주스위스마을,N,126.6767733,33.49394448
,,,,,,,아트리움공연장,Y,126.4551667,33.4649309
,,,,,,,제주나인리조트,N,126.4534073,33.46486138
,,,,,,,해군호텔,Y,126.4486684,33.45898364
,,,,,,,레드윌호스텔,N,126.4486686,33.4969752
,,,,,,,세진자동차공업사,N,126.5629506,33.5169069
,,,,,,,제주오토갤러리,N,126.5624969,33.5172474
,,,,,,,화북2동 공영주차장,Y,126.5612841,33.5083458
,,,,,,,기아오토큐 화북대리점,Y,126.5492751,33.5117859
,,,,,,,애니카랜드삼화점(한일자동차),N,126.5726281,33.518013
,,,,,,,NHF제주삼화1단지,N,126.5820588,33.51767969
,,,,,,,삼화 NHF아파트 1차,N,126.5820588,33.51767969
,,,,,,,황사평갤럭시타운자치운영회,N,126.5593309,33.49373035
,,,,,,,태윤탁구클럽,N,126.5556825,33.49702049
,,,,,,,용담2동주민센터,Y,126.5116815,33.5115829
,,,,,,,동부휴게소,N,126.7037176,33.45731661
,,,,,,,동백동산,N,126.7060581,33.51614986
,,,,,,,주식회사 캔디원,N,126.7077502,33.47129381
,,,,,,,우선종합주식회사,N,126.662599,33.5361516
,,,,,,,블루하와이리조트,N,126.2180308,33.38140103
